USE Pharmacie

insert into Client (nom, prenom, allergie, age) values ('Mordon', 'Von', 0, 30);
insert into Client (nom, prenom, allergie, age) values ('Haughin', 'Ardra', 0, 7);
insert into Client (nom, prenom, allergie, age) values ('Rawlison', 'Norry', 0, 42);
insert into Client (nom, prenom, allergie, age) values ('Derham', 'Brody', 0, 38);
insert into Client (nom, prenom, allergie, age) values ('Hardaker', 'Simon', 0, 49);
insert into Client (nom, prenom, allergie, age) values ('Sorey', 'Fae', 1, 37);
insert into Client (nom, prenom, allergie, age) values ('Fraczak', 'Kelci', 0, 28);
insert into Client (nom, prenom, allergie, age) values ('Perrett', 'Lorrayne', 0, 59);
insert into Client (nom, prenom, allergie, age) values ('Haquin', 'Sherrie', 1, 37);
insert into Client (nom, prenom, allergie, age) values ('Hawk', 'Carola', 0, 60);
insert into Client (nom, prenom, allergie, age) values ('Boast', 'Letizia', 1, 67);
insert into Client (nom, prenom, allergie, age) values ('McPhillimey', 'Dani', 0, 75);
insert into Client (nom, prenom, allergie, age) values ('Bride', 'Johann', 1, 53);
insert into Client (nom, prenom, allergie, age) values ('Berardt', 'Jonathan', 1, 53);
insert into Client (nom, prenom, allergie, age) values ('Straneo', 'Burlie', 1, 17);
insert into Client (nom, prenom, allergie, age) values ('Stebbings', 'Victoir', 0, 4);
insert into Client (nom, prenom, allergie, age) values ('Bofield', 'Kippar', 0, 92);
insert into Client (nom, prenom, allergie, age) values ('Gustus', 'Brandi', 0, 8);
insert into Client (nom, prenom, allergie, age) values ('Gawn', 'Jehu', 1, 29);
insert into Client (nom, prenom, allergie, age) values ('Bilyard', 'Godfree', 0, 85);
insert into Client (nom, prenom, allergie, age) values ('Gyde', 'Donnamarie', 0, 71);
insert into Client (nom, prenom, allergie, age) values ('Kelwick', 'Arlee', 1, 93);
insert into Client (nom, prenom, allergie, age) values ('Dyer', 'Lindsy', 0, 10);
insert into Client (nom, prenom, allergie, age) values ('Shore', 'Ketty', 1, 50);
insert into Client (nom, prenom, allergie, age) values ('Gartside', 'Melissa', 1, 11);
insert into Client (nom, prenom, allergie, age) values ('Heliot', 'Krystyna', 0, 9);
insert into Client (nom, prenom, allergie, age) values ('Alderwick', 'Georgina', 0, 5);
insert into Client (nom, prenom, allergie, age) values ('Whitta', 'Susi', 0, 22);
insert into Client (nom, prenom, allergie, age) values ('Stapells', 'Kurtis', 0, 8);
insert into Client (nom, prenom, allergie, age) values ('Prowting', 'Olympie', 1, 35);
insert into Client (nom, prenom, allergie, age) values ('Fanti', 'Dotti', 0, 91);
insert into Client (nom, prenom, allergie, age) values ('Campes', 'Jewelle', 1, 25);
insert into Client (nom, prenom, allergie, age) values ('Nockolds', 'Ingrid', 0, 32);
insert into Client (nom, prenom, allergie, age) values ('McFadzean', 'Colver', 1, 15);
insert into Client (nom, prenom, allergie, age) values ('Ferraro', 'Stephenie', 0, 24);
insert into Client (nom, prenom, allergie, age) values ('Loukes', 'Benni', 1, 94);
insert into Client (nom, prenom, allergie, age) values ('Lough', 'Hobey', 1, 98);
insert into Client (nom, prenom, allergie, age) values ('Mithan', 'Lorna', 1, 99);
insert into Client (nom, prenom, allergie, age) values ('Baudts', 'Tabby', 1, 22);
insert into Client (nom, prenom, allergie, age) values ('Gebbe', 'Cammie', 1, 72);
insert into Client (nom, prenom, allergie, age) values ('Beaven', 'Upton', 1, 4);
insert into Client (nom, prenom, allergie, age) values ('Skillman', 'Allina', 1, 71);
insert into Client (nom, prenom, allergie, age) values ('Phipard-Shears', 'Garrick', 0, 79);
insert into Client (nom, prenom, allergie, age) values ('Weatherhill', 'Tommy', 1, 87);
insert into Client (nom, prenom, allergie, age) values ('Ogilby', 'Rebecka', 1, 46);
insert into Client (nom, prenom, allergie, age) values ('McCaskell', 'Joell', 1, 51);
insert into Client (nom, prenom, allergie, age) values ('Barnaby', 'Malcolm', 0, 10);
insert into Client (nom, prenom, allergie, age) values ('Forsdicke', 'Marnia', 1, 88);
insert into Client (nom, prenom, allergie, age) values ('Quested', 'Myriam', 0, 35);
insert into Client (nom, prenom, allergie, age) values ('Burnitt', 'Corena', 1, 75);
insert into Client (nom, prenom, allergie, age) values ('Steere', 'Rose', 0, 32);
insert into Client (nom, prenom, allergie, age) values ('Somes', 'Griff', 0, 15);
insert into Client (nom, prenom, allergie, age) values ('Loiterton', 'Ezra', 1, 3);
insert into Client (nom, prenom, allergie, age) values ('Dunne', 'Suzette', 1, 72);
insert into Client (nom, prenom, allergie, age) values ('McNamara', 'Donica', 0, 45);
insert into Client (nom, prenom, allergie, age) values ('Bremmell', 'Orella', 1, 81);
insert into Client (nom, prenom, allergie, age) values ('Monson', 'Kimmie', 0, 26);
insert into Client (nom, prenom, allergie, age) values ('Jaquin', 'Gabrielle', 0, 56);
insert into Client (nom, prenom, allergie, age) values ('Yare', 'Nye', 0, 22);
insert into Client (nom, prenom, allergie, age) values ('Farfalameev', 'Guthrey', 0, 22);
insert into Client (nom, prenom, allergie, age) values ('Olerenshaw', 'Ichabod', 1, 61);
insert into Client (nom, prenom, allergie, age) values ('Perri', 'Uriah', 1, 44);
insert into Client (nom, prenom, allergie, age) values ('Pley', 'Car', 0, 49);
insert into Client (nom, prenom, allergie, age) values ('Bartrap', 'Kelvin', 1, 69);
insert into Client (nom, prenom, allergie, age) values ('Whittlesey', 'Tessie', 1, 21);
insert into Client (nom, prenom, allergie, age) values ('Hanster', 'Gloriane', 1, 99);
insert into Client (nom, prenom, allergie, age) values ('Hasley', 'Adan', 1, 54);
insert into Client (nom, prenom, allergie, age) values ('Mant', 'Jervis', 0, 87);
insert into Client (nom, prenom, allergie, age) values ('Lambden', 'Jed', 1, 59);
insert into Client (nom, prenom, allergie, age) values ('Hundley', 'Arvin', 0, 78);
insert into Client (nom, prenom, allergie, age) values ('Vidgen', 'Luise', 1, 13);
insert into Client (nom, prenom, allergie, age) values ('Tchaikovsky', 'Wayland', 0, 17);
insert into Client (nom, prenom, allergie, age) values ('Huniwall', 'Cart', 1, 29);
insert into Client (nom, prenom, allergie, age) values ('Kornas', 'Barbabas', 0, 19);
insert into Client (nom, prenom, allergie, age) values ('Coo', 'Roobbie', 1, 61);
insert into Client (nom, prenom, allergie, age) values ('Tong', 'Robbert', 1, 4);
insert into Client (nom, prenom, allergie, age) values ('Lightowlers', 'Willi', 0, 9);
insert into Client (nom, prenom, allergie, age) values ('Lorenzetti', 'Jacqueline', 1, 17);
insert into Client (nom, prenom, allergie, age) values ('Hadny', 'Dallis', 1, 30);
insert into Client (nom, prenom, allergie, age) values ('Tadgell', 'Maximilien', 1, 50);
insert into Client (nom, prenom, allergie, age) values ('Simison', 'Michael', 1, 33);
insert into Client (nom, prenom, allergie, age) values ('Haime', 'Con', 1, 25);
insert into Client (nom, prenom, allergie, age) values ('Clohessy', 'Agnese', 1, 17);
insert into Client (nom, prenom, allergie, age) values ('Leppard', 'Stephen', 0, 46);
insert into Client (nom, prenom, allergie, age) values ('MacAree', 'Joannes', 0, 54);
insert into Client (nom, prenom, allergie, age) values ('Neilly', 'Zeke', 1, 67);
insert into Client (nom, prenom, allergie, age) values ('Corry', 'Madeleine', 1, 41);
insert into Client (nom, prenom, allergie, age) values ('Whilder', 'Sharron', 1, 41);
insert into Client (nom, prenom, allergie, age) values ('Reeder', 'Maridel', 0, 63);
insert into Client (nom, prenom, allergie, age) values ('Kid', 'Emogene', 0, 96);
insert into Client (nom, prenom, allergie, age) values ('Danelet', 'Elsbeth', 1, 75);
insert into Client (nom, prenom, allergie, age) values ('Gergely', 'Vinni', 0, 1);
insert into Client (nom, prenom, allergie, age) values ('Minchinden', 'Carleen', 1, 23);
insert into Client (nom, prenom, allergie, age) values ('Sexcey', 'Emmalynn', 0, 69);
insert into Client (nom, prenom, allergie, age) values ('Mauger', 'Anabel', 1, 85);
insert into Client (nom, prenom, allergie, age) values ('Dinneges', 'Carlina', 0, 85);
insert into Client (nom, prenom, allergie, age) values ('Matchitt', 'Hi', 0, 30);
insert into Client (nom, prenom, allergie, age) values ('Bindon', 'Rowney', 1, 62);
insert into Client (nom, prenom, allergie, age) values ('Castenda', 'Carline', 0, 90);
insert into Client (nom, prenom, allergie, age) values ('Turner', 'Cathy', 1, 18);
insert into Client (nom, prenom, allergie, age) values ('MacKall', 'Kirby', 0, 10);
insert into Client (nom, prenom, allergie, age) values ('Bendley', 'Steve', 1, 77);
insert into Client (nom, prenom, allergie, age) values ('Taillant', 'Matty', 1, 13);
insert into Client (nom, prenom, allergie, age) values ('Fell', 'Hillyer', 0, 25);
insert into Client (nom, prenom, allergie, age) values ('McClure', 'Dominic', 1, 44);
insert into Client (nom, prenom, allergie, age) values ('Spender', 'Dasie', 0, 81);
insert into Client (nom, prenom, allergie, age) values ('Lohrensen', 'Ritchie', 0, 19);
insert into Client (nom, prenom, allergie, age) values ('Pullman', 'Travis', 0, 91);
insert into Client (nom, prenom, allergie, age) values ('Bussen', 'Gilberto', 0, 54);
insert into Client (nom, prenom, allergie, age) values ('Rostern', 'Hendrick', 1, 55);
insert into Client (nom, prenom, allergie, age) values ('Creyke', 'Scottie', 1, 97);
insert into Client (nom, prenom, allergie, age) values ('Elder', 'Roxana', 0, 49);
insert into Client (nom, prenom, allergie, age) values ('Yvon', 'Laurie', 0, 25);
insert into Client (nom, prenom, allergie, age) values ('Paolinelli', 'Megan', 1, 35);
insert into Client (nom, prenom, allergie, age) values ('Rewbottom', 'Carr', 0, 36);
insert into Client (nom, prenom, allergie, age) values ('Stouther', 'Blaire', 1, 34);
insert into Client (nom, prenom, allergie, age) values ('McGinnis', 'Winnifred', 0, 89);
insert into Client (nom, prenom, allergie, age) values ('Crean', 'Goldy', 1, 55);
insert into Client (nom, prenom, allergie, age) values ('Gilhooly', 'Rachele', 1, 61);
insert into Client (nom, prenom, allergie, age) values ('Mateev', 'Oralle', 1, 98);
insert into Client (nom, prenom, allergie, age) values ('Pieters', 'Della', 0, 98);
insert into Client (nom, prenom, allergie, age) values ('Copper', 'Kevin', 0, 34);
insert into Client (nom, prenom, allergie, age) values ('Walsham', 'Everard', 0, 82);
insert into Client (nom, prenom, allergie, age) values ('Sanger', 'Orly', 0, 68);
insert into Client (nom, prenom, allergie, age) values ('Camp', 'Townie', 1, 85);
insert into Client (nom, prenom, allergie, age) values ('Chaney', 'Benny', 1, 25);
insert into Client (nom, prenom, allergie, age) values ('Cauldfield', 'Gianina', 0, 91);
insert into Client (nom, prenom, allergie, age) values ('Crummy', 'Kev', 1, 77);
insert into Client (nom, prenom, allergie, age) values ('Iacovacci', 'Lee', 1, 41);
insert into Client (nom, prenom, allergie, age) values ('Payle', 'Wrennie', 1, 52);
insert into Client (nom, prenom, allergie, age) values ('Rosenfelder', 'Diann', 0, 93);
insert into Client (nom, prenom, allergie, age) values ('Ballinghall', 'Ugo', 0, 8);
insert into Client (nom, prenom, allergie, age) values ('Duxbury', 'Ashlan', 1, 38);
insert into Client (nom, prenom, allergie, age) values ('Beddow', 'Cal', 0, 56);
insert into Client (nom, prenom, allergie, age) values ('Bernet', 'Marinna', 1, 97);
insert into Client (nom, prenom, allergie, age) values ('Airs', 'Mathilda', 0, 46);
insert into Client (nom, prenom, allergie, age) values ('Melladew', 'Larina', 0, 82);
insert into Client (nom, prenom, allergie, age) values ('Rawlings', 'Goldie', 1, 36);
insert into Client (nom, prenom, allergie, age) values ('Gullefant', 'Frieda', 0, 6);
insert into Client (nom, prenom, allergie, age) values ('Davy', 'Mozelle', 1, 10);
insert into Client (nom, prenom, allergie, age) values ('Grzegorzewicz', 'Sonya', 0, 71);
insert into Client (nom, prenom, allergie, age) values ('Rief', 'Carlene', 0, 47);
insert into Client (nom, prenom, allergie, age) values ('Di Gregorio', 'Fawn', 1, 84);
insert into Client (nom, prenom, allergie, age) values ('Greenham', 'Fern', 1, 100);
insert into Client (nom, prenom, allergie, age) values ('Macallam', 'Northrop', 1, 5);
insert into Client (nom, prenom, allergie, age) values ('Bointon', 'Viviana', 1, 50);
insert into Client (nom, prenom, allergie, age) values ('Jaffray', 'Carmencita', 0, 80);
insert into Client (nom, prenom, allergie, age) values ('Opie', 'Bethina', 1, 27);
insert into Client (nom, prenom, allergie, age) values ('Duckfield', 'Concettina', 0, 3);
insert into Client (nom, prenom, allergie, age) values ('Crippell', 'Jessee', 0, 99);

insert into Fournisseur (nom, pays) values ('Beatty, Tremblay and Pfannerstill', 'United States');
insert into Fournisseur (nom, pays) values ('Pfeffer-Kessler', 'France');
insert into Fournisseur (nom, pays) values ('Braun and Sons', 'United States');
insert into Fournisseur (nom, pays) values ('Kozey-Green', 'Mexico');
insert into Fournisseur (nom, pays) values ('Lubowitz, Larkin and Schinner', 'United States');
insert into Fournisseur (nom, pays) values ('Cummerata LLC', 'Mexico');
insert into Fournisseur (nom, pays) values ('Altenwerth, Goyette and Ratke', 'France');
insert into Fournisseur (nom, pays) values ('Schuppe-Daniel', 'France');
insert into Fournisseur (nom, pays) values ('Flatley, Quigley and Murphy', 'France');
insert into Fournisseur (nom, pays) values ('Hane-Fritsch', 'United States');
insert into Fournisseur (nom, pays) values ('Hansen, Kling and Heathcote', 'Japan');
insert into Fournisseur (nom, pays) values ('Goyette-Hermiston', 'United States');
insert into Fournisseur (nom, pays) values ('Heaney, Stamm and Jacobson', 'France');
insert into Fournisseur (nom, pays) values ('Feeney LLC', 'Japan');
insert into Fournisseur (nom, pays) values ('Boehm LLC', 'France');
insert into Fournisseur (nom, pays) values ('Torp-Nikolaus', 'France');
insert into Fournisseur (nom, pays) values ('Bogan-Ebert', 'France');
insert into Fournisseur (nom, pays) values ('Hettinger, Roob and Roberts', 'France');
insert into Fournisseur (nom, pays) values ('Bosco, Stoltenberg and Friesen', 'Japan');
insert into Fournisseur (nom, pays) values ('Watsica LLC', 'United States');
insert into Fournisseur (nom, pays) values ('Bradtke, Deckow and Abernathy', 'Japan');
insert into Fournisseur (nom, pays) values ('Klein, Hoeger and Lowe', 'France');
insert into Fournisseur (nom, pays) values ('Becker, O''Keefe and Smitham', 'Japan');
insert into Fournisseur (nom, pays) values ('Larkin-Hane', 'France');
insert into Fournisseur (nom, pays) values ('Ullrich-Graham', 'France');
insert into Fournisseur (nom, pays) values ('Wiza Group', 'France');
insert into Fournisseur (nom, pays) values ('Zulauf Inc', 'Japan');
insert into Fournisseur (nom, pays) values ('Monahan, Carroll and Gutmann', 'France');
insert into Fournisseur (nom, pays) values ('Sawayn Inc', 'Canada');
insert into Fournisseur (nom, pays) values ('Bernier-Hegmann', 'Japan');
insert into Fournisseur (nom, pays) values ('Towne Inc', 'United States');
insert into Fournisseur (nom, pays) values ('Jacobson, Koch and Stark', 'France');
insert into Fournisseur (nom, pays) values ('Powlowski, Bechtelar and Block', 'France');
insert into Fournisseur (nom, pays) values ('Lebsack, Sipes and Bayer', 'France');
insert into Fournisseur (nom, pays) values ('Hagenes, Herzog and Huels', 'United States');
insert into Fournisseur (nom, pays) values ('Reichert, Luettgen and Harris', 'France');
insert into Fournisseur (nom, pays) values ('Bode and Sons', 'Japan');
insert into Fournisseur (nom, pays) values ('Morar, Becker and Haley', 'Japan');
insert into Fournisseur (nom, pays) values ('Luettgen-Romaguera', 'France');
insert into Fournisseur (nom, pays) values ('Muller, Ratke and Pagac', 'France');
insert into Fournisseur (nom, pays) values ('Jacobs Inc', 'Japan');
insert into Fournisseur (nom, pays) values ('Heathcote, Kilback and Lockman', 'France');
insert into Fournisseur (nom, pays) values ('King Inc', 'United States');
insert into Fournisseur (nom, pays) values ('Bode-Ferry', 'France');
insert into Fournisseur (nom, pays) values ('Gleason, Feest and Stark', 'Japan');
insert into Fournisseur (nom, pays) values ('Russel and Sons', 'United States');
insert into Fournisseur (nom, pays) values ('Cruickshank Inc', 'France');
insert into Fournisseur (nom, pays) values ('Weimann, Jones and Bartell', 'United States');
insert into Fournisseur (nom, pays) values ('Purdy, Sporer and Corwin', 'Mexico');
insert into Fournisseur (nom, pays) values ('Kertzmann Inc', 'Japan');
insert into Fournisseur (nom, pays) values ('Thompson-Sporer', 'Japan');
insert into Fournisseur (nom, pays) values ('Larkin, Feil and Barrows', 'Japan');
insert into Fournisseur (nom, pays) values ('Lind, Fritsch and Gleichner', 'Japan');
insert into Fournisseur (nom, pays) values ('Barrows-Bernhard', 'France');
insert into Fournisseur (nom, pays) values ('Predovic, Konopelski and Harvey', 'France');
insert into Fournisseur (nom, pays) values ('Rau, Oberbrunner and Prohaska', 'United States');
insert into Fournisseur (nom, pays) values ('Muller-Armstrong', 'Canada');
insert into Fournisseur (nom, pays) values ('Feil Group', 'Canada');
insert into Fournisseur (nom, pays) values ('Klein, Homenick and Bailey', 'Japan');
insert into Fournisseur (nom, pays) values ('Lehner, Bode and Beatty', 'France');
insert into Fournisseur (nom, pays) values ('Stracke-Jerde', 'France');
insert into Fournisseur (nom, pays) values ('Moen-Bergstrom', 'United States');
insert into Fournisseur (nom, pays) values ('Kihn-Conn', 'United States');
insert into Fournisseur (nom, pays) values ('Walsh Inc', 'United States');
insert into Fournisseur (nom, pays) values ('Douglas-Wyman', 'United States');
insert into Fournisseur (nom, pays) values ('Ebert, Hammes and Boyer', 'Canada');
insert into Fournisseur (nom, pays) values ('Marvin, Gislason and Little', 'United States');
insert into Fournisseur (nom, pays) values ('Johnson Inc', 'Mexico');
insert into Fournisseur (nom, pays) values ('Cummings-Beer', 'Canada');
insert into Fournisseur (nom, pays) values ('Mayert, Bednar and Dare', 'France');
insert into Fournisseur (nom, pays) values ('Shanahan and Sons', 'France');
insert into Fournisseur (nom, pays) values ('Lebsack and Sons', 'Canada');
insert into Fournisseur (nom, pays) values ('Spinka-Homenick', 'Japan');
insert into Fournisseur (nom, pays) values ('Keebler LLC', 'Japan');
insert into Fournisseur (nom, pays) values ('Schmitt-Beatty', 'Germany');
insert into Fournisseur (nom, pays) values ('Legros, Pollich and Gusikowski', 'Japan');
insert into Fournisseur (nom, pays) values ('Lind, Hagenes and Flatley', 'United States');
insert into Fournisseur (nom, pays) values ('Lubowitz LLC', 'Japan');
insert into Fournisseur (nom, pays) values ('Nader Group', 'France');
insert into Fournisseur (nom, pays) values ('Lubowitz, O''Conner and Gutmann', 'Japan');

insert into Medicament (nom_medicament, categorie, date_expiration) values ('AHC Intense Contour Balm', 'Antidépresseur', '2027-06-05');
insert into Medicament (nom_medicament, categorie, date_expiration) values ('Sore Throat', 'Antidépresseur', '2028-06-02');
insert into Medicament (nom_medicament, categorie, date_expiration) values ('Triple Antibiotic', 'Narcotique', '2025-12-04');
insert into Medicament (nom_medicament, categorie, date_expiration) values ('diltiazem hydrochloride', 'Vitamines', '2025-08-21');
insert into Medicament (nom_medicament, categorie, date_expiration) values ('Bodycology', 'Sédatif', '2028-10-19');
insert into Medicament (nom_medicament, categorie, date_expiration) values ('Oxcarbazepine', 'Antidépresseur', '2025-05-06');
insert into Medicament (nom_medicament, categorie, date_expiration) values ('DOCUSATE SODIUM', 'Vitamines', '2027-10-22');
insert into Medicament (nom_medicament, categorie, date_expiration) values ('No7 Stay Perfect Foundation Sunscreen SPF 15 Buff', 'Antidépresseur', '2025-06-11');
insert into Medicament (nom_medicament, categorie, date_expiration) values ('Mexsana', 'Anti-inflammatoire', '2026-06-18');
insert into Medicament (nom_medicament, categorie, date_expiration) values ('Vibativ', 'Antibiotique', '2028-01-22');
insert into Medicament (nom_medicament, categorie, date_expiration) values ('Soft Bisque Expert Finish Makeup Makeup Broad Spectrum SPF 25', 'Vitamines', '2028-05-15');
insert into Medicament (nom_medicament, categorie, date_expiration) values ('TIZANIDINE', 'Sédatif', '2028-03-03');
insert into Medicament (nom_medicament, categorie, date_expiration) values ('ropinirole hydrochloride', 'Antidépresseur', '2025-02-24');
insert into Medicament (nom_medicament, categorie, date_expiration) values ('Secura Total Body Foam Cleanser', 'Antidépresseur', '2027-11-08');
insert into Medicament (nom_medicament, categorie, date_expiration) values ('Bupropion Hydrochloride', 'Sédatif', '2025-01-11');
insert into Medicament (nom_medicament, categorie, date_expiration) values ('Torsemide', 'Antibiotique', '2027-01-12');
insert into Medicament (nom_medicament, categorie, date_expiration) values ('TEMAZEPAM', 'Antidépresseur', '2027-04-17');
insert into Medicament (nom_medicament, categorie, date_expiration) values ('Warfarin Sodium', 'Vitamines', '2026-06-29');
insert into Medicament (nom_medicament, categorie, date_expiration) values ('Sodium Chloride', 'Antidépresseur', '2027-03-04');
insert into Medicament (nom_medicament, categorie, date_expiration) values ('AHC Intense Contour Balm Light', 'Anti-inflammatoire', '2028-03-24');
insert into Medicament (nom_medicament, categorie, date_expiration) values ('Gabapentin', 'Narcotique', '2027-07-08');
insert into Medicament (nom_medicament, categorie, date_expiration) values ('Kapvay', 'Antibiotique', '2028-02-06');
insert into Medicament (nom_medicament, categorie, date_expiration) values ('PERCOCET', 'Anti-inflammatoire', '2028-01-16');
insert into Medicament (nom_medicament, categorie, date_expiration) values ('Treatment Set TS333373', 'Sédatif', '2027-08-01');
insert into Medicament (nom_medicament, categorie, date_expiration) values ('Quetiapine Fumarate', 'Narcotique', '2025-07-25');
insert into Medicament (nom_medicament, categorie, date_expiration) values ('CD DiorSkin Forever Flawless Perfection Fusion Wear Makeup SPF 25 - 020', 'Narcotique', '2026-06-18');
insert into Medicament (nom_medicament, categorie, date_expiration) values ('Nivea A Kiss of Shimmer Radiant Lip Care', 'Anti-inflammatoire', '2028-03-31');
insert into Medicament (nom_medicament, categorie, date_expiration) values ('Tetracaine Hydrochloride', 'Vitamines', '2027-11-06');
insert into Medicament (nom_medicament, categorie, date_expiration) values ('7 Select Aspirin', 'Antidépresseur', '2026-09-18');
insert into Medicament (nom_medicament, categorie, date_expiration) values ('Denti-Care Denti-Rinse', 'Antidépresseur', '2025-02-12');
insert into Medicament (nom_medicament, categorie, date_expiration) values ('Phenylephrine HCl', 'Vitamines', '2026-05-14');
insert into Medicament (nom_medicament, categorie, date_expiration) values ('RHINOCORT AQUA', 'Antibiotique', '2028-02-23');
insert into Medicament (nom_medicament, categorie, date_expiration) values ('Pyril DM', 'Anti-inflammatoire', '2028-02-27');
insert into Medicament (nom_medicament, categorie, date_expiration) values ('Ailanthus', 'Anti-inflammatoire', '2025-05-07');
insert into Medicament (nom_medicament, categorie, date_expiration) values ('Mirtazapine', 'Sédatif', '2028-03-28');
insert into Medicament (nom_medicament, categorie, date_expiration) values ('Oxygen', 'Sédatif', '2026-04-20');
insert into Medicament (nom_medicament, categorie, date_expiration) values ('GFS BIOPROTECT HAND SANITIZER ALOE VERA', 'Narcotique', '2027-03-18');
insert into Medicament (nom_medicament, categorie, date_expiration) values ('Sertraline Hydrochloride', 'Sédatif', '2025-07-27');
insert into Medicament (nom_medicament, categorie, date_expiration) values ('CINCHONA OFFICINALIS', 'Sédatif', '2025-06-12');
insert into Medicament (nom_medicament, categorie, date_expiration) values ('Mag Phos', 'Antidépresseur', '2025-11-02');
insert into Medicament (nom_medicament, categorie, date_expiration) values ('IMITREX', 'Anti-inflammatoire', '2026-03-01');
insert into Medicament (nom_medicament, categorie, date_expiration) values ('Flawless Finish Bare Perfection Makeup SPF 8 Beige', 'Antidépresseur', '2026-10-06');
insert into Medicament (nom_medicament, categorie, date_expiration) values ('Crest Complete Multi-Benefit', 'Vitamines', '2027-03-21');
insert into Medicament (nom_medicament, categorie, date_expiration) values ('Simvastatin', 'Vitamines', '2028-01-06');
insert into Medicament (nom_medicament, categorie, date_expiration) values ('Triple Antibiotic', 'Sédatif', '2025-06-10');
insert into Medicament (nom_medicament, categorie, date_expiration) values ('Sildenafil', 'Anti-inflammatoire', '2027-01-03');
insert into Medicament (nom_medicament, categorie, date_expiration) values ('health mart acid reducer', 'Vitamines', '2026-12-29');
insert into Medicament (nom_medicament, categorie, date_expiration) values ('carbidopa, levodopa and entacapone', 'Antibiotique', '2025-11-13');
insert into Medicament (nom_medicament, categorie, date_expiration) values ('Golden Sunshine Herbal', 'Anti-inflammatoire', '2027-08-01');
insert into Medicament (nom_medicament, categorie, date_expiration) values ('Lip Balm', 'Vitamines', '2025-12-11');
insert into Medicament (nom_medicament, categorie, date_expiration) values ('LBEL Couleur luxe rouge irresistible maximum hydration SPF 17', 'Narcotique', '2025-03-28');
insert into Medicament (nom_medicament, categorie, date_expiration) values ('Minocin', 'Narcotique', '2028-06-10');
insert into Medicament (nom_medicament, categorie, date_expiration) values ('Asparagus', 'Antidépresseur', '2026-08-21');
insert into Medicament (nom_medicament, categorie, date_expiration) values ('Oxycodone Hydrochloride', 'Vitamines', '2028-10-28');
insert into Medicament (nom_medicament, categorie, date_expiration) values ('Hand Sanitizer', 'Anti-inflammatoire', '2027-05-24');
insert into Medicament (nom_medicament, categorie, date_expiration) values ('FONDAPARINUX SODIUM', 'Sédatif', '2025-11-20');
insert into Medicament (nom_medicament, categorie, date_expiration) values ('Anesthetic Hemorrhoidal', 'Vitamines', '2025-11-05');
insert into Medicament (nom_medicament, categorie, date_expiration) values ('Instant Hand Sanitizer Strawberry Kiss', 'Sédatif', '2025-09-29');
insert into Medicament (nom_medicament, categorie, date_expiration) values ('Corn Smut', 'Antibiotique', '2027-09-17');
insert into Medicament (nom_medicament, categorie, date_expiration) values ('Pramipexole Dihydrochloride', 'Sédatif', '2026-02-21');
insert into Medicament (nom_medicament, categorie, date_expiration) values ('Docetaxel', 'Narcotique', '2028-07-18');
insert into Medicament (nom_medicament, categorie, date_expiration) values ('RIBASPHERE RibaPak', 'Anti-inflammatoire', '2026-07-31');
insert into Medicament (nom_medicament, categorie, date_expiration) values ('NARS Pure Radiant Tinted Moisturizer', 'Anti-inflammatoire', '2027-05-02');
insert into Medicament (nom_medicament, categorie, date_expiration) values ('equate ibuprofen cold and sinus', 'Vitamines', '2025-10-27');
insert into Medicament (nom_medicament, categorie, date_expiration) values ('hydrocortisone acetate pramoxine hcl', 'Anti-inflammatoire', '2028-03-09');
insert into Medicament (nom_medicament, categorie, date_expiration) values ('Liothyronine sodium', 'Sédatif', '2026-03-19');
insert into Medicament (nom_medicament, categorie, date_expiration) values ('Levoxyl', 'Vitamines', '2028-05-07');
insert into Medicament (nom_medicament, categorie, date_expiration) values ('Mizani Scalp Care Conditioner Antidandruff Conditioner', 'Sédatif', '2025-06-18');
insert into Medicament (nom_medicament, categorie, date_expiration) values ('Day Time', 'Anti-inflammatoire', '2028-05-18');
insert into Medicament (nom_medicament, categorie, date_expiration) values ('Lisinopril and Hydrochlorothiazide', 'Narcotique', '2025-12-28');
insert into Medicament (nom_medicament, categorie, date_expiration) values ('Ceramide Lift And Firm Makeup Broad Spectrum Sunscreen SPF 15 Warm Honey', 'Vitamines', '2026-02-17');
insert into Medicament (nom_medicament, categorie, date_expiration) values ('Comfort-Time', 'Sédatif', '2025-07-06');
insert into Medicament (nom_medicament, categorie, date_expiration) values ('Icy Hot Medicated No Mess Applicator', 'Antibiotique', '2027-08-06');
insert into Medicament (nom_medicament, categorie, date_expiration) values ('Nabumetone', 'Sédatif', '2025-06-24');
insert into Medicament (nom_medicament, categorie, date_expiration) values ('Oxygen', 'Anti-inflammatoire', '2025-10-14');
insert into Medicament (nom_medicament, categorie, date_expiration) values ('Lisinopril and Hydrochlorothiazide', 'Antidépresseur', '2026-06-13');
insert into Medicament (nom_medicament, categorie, date_expiration) values ('LBel', 'Vitamines', '2027-07-25');
insert into Medicament (nom_medicament, categorie, date_expiration) values ('good sense cough dm', 'Antidépresseur', '2025-05-31');
insert into Medicament (nom_medicament, categorie, date_expiration) values ('Olanzapine and Fluoxetine', 'Vitamines', '2025-04-01');
insert into Medicament (nom_medicament, categorie, date_expiration) values ('TOFRANIL', 'Antibiotique', '2026-01-25');
insert into Medicament (nom_medicament, categorie, date_expiration) values ('Lisinopril and Hydrochlorothiazide', 'Antidépresseur', '2026-11-14');
insert into Medicament (nom_medicament, categorie, date_expiration) values ('Tribenzor', 'Sédatif', '2025-04-19');
insert into Medicament (nom_medicament, categorie, date_expiration) values ('ANTIBACTERIAL WET WIPES TRAVEL PACK', 'Antidépresseur', '2027-10-18');
insert into Medicament (nom_medicament, categorie, date_expiration) values ('Standardized Grass Pollen, Bluegrass, Kentucky (June)', 'Sédatif', '2027-05-28');
insert into Medicament (nom_medicament, categorie, date_expiration) values ('Mucinex', 'Vitamines', '2025-12-20');
insert into Medicament (nom_medicament, categorie, date_expiration) values ('Ephedrine Sulfate', 'Sédatif', '2027-02-09');
insert into Medicament (nom_medicament, categorie, date_expiration) values ('Whitening Repairing Cover Cushion', 'Anti-inflammatoire', '2026-06-27');
insert into Medicament (nom_medicament, categorie, date_expiration) values ('REYATAZ', 'Vitamines', '2025-07-13');
insert into Medicament (nom_medicament, categorie, date_expiration) values ('North Burn', 'Sédatif', '2028-08-24');
insert into Medicament (nom_medicament, categorie, date_expiration) values ('Cardiofroce', 'Antibiotique', '2026-09-13');
insert into Medicament (nom_medicament, categorie, date_expiration) values ('Presidents Choice', 'Anti-inflammatoire', '2027-11-15');
insert into Medicament (nom_medicament, categorie, date_expiration) values ('Cephalexin', 'Antibiotique', '2026-03-09');
insert into Medicament (nom_medicament, categorie, date_expiration) values ('No7 Stay Perfect Foundation Sunscreen SPF 15 New Ivory', 'Antidépresseur', '2028-07-23');
insert into Medicament (nom_medicament, categorie, date_expiration) values ('Cefprozil', 'Sédatif', '2025-09-22');
insert into Medicament (nom_medicament, categorie, date_expiration) values ('Hada Labo Tokyo Protecting Day', 'Sédatif', '2028-02-26');
insert into Medicament (nom_medicament, categorie, date_expiration) values ('Pampers Kandoo', 'Antibiotique', '2025-05-14');
insert into Medicament (nom_medicament, categorie, date_expiration) values ('Ampicillin and Sulbactam', 'Antibiotique', '2027-09-21');
insert into Medicament (nom_medicament, categorie, date_expiration) values ('Aspirin', 'Antibiotique', '2027-05-12');
insert into Medicament (nom_medicament, categorie, date_expiration) values ('Hydrocodone Bitartrate And Acetaminophen', 'Vitamines', '2026-05-20');
insert into Medicament (nom_medicament, categorie, date_expiration) values ('Bupropion Hydrochloride', 'Antidépresseur', '2027-01-23');
insert into Medicament (nom_medicament, categorie, date_expiration) values ('Nitroglycerin Transdermal Delivery System', 'Antidépresseur', '2026-05-07');
insert into Medicament (nom_medicament, categorie, date_expiration) values ('Cetirizine Hydrochloride', 'Narcotique', '2027-10-13');
insert into Medicament (nom_medicament, categorie, date_expiration) values ('FACE VALUES BACITRACIN', 'Anti-inflammatoire', '2025-04-25');
insert into Medicament (nom_medicament, categorie, date_expiration) values ('Hormodendrum', 'Antidépresseur', '2025-10-11');
insert into Medicament (nom_medicament, categorie, date_expiration) values ('Levetiracetam', 'Antibiotique', '2027-02-24');
insert into Medicament (nom_medicament, categorie, date_expiration) values ('Lidocaine Hydrochloride', 'Antibiotique', '2028-06-14');
insert into Medicament (nom_medicament, categorie, date_expiration) values ('STUDIO 35', 'Sédatif', '2027-09-11');
insert into Medicament (nom_medicament, categorie, date_expiration) values ('venlafaxine', 'Antibiotique', '2028-09-16');
insert into Medicament (nom_medicament, categorie, date_expiration) values ('Kirkland Signature Acid Reducer', 'Vitamines', '2025-02-01');
insert into Medicament (nom_medicament, categorie, date_expiration) values ('Pramipexole', 'Antidépresseur', '2026-02-18');
insert into Medicament (nom_medicament, categorie, date_expiration) values ('Cystadane', 'Vitamines', '2025-03-20');
insert into Medicament (nom_medicament, categorie, date_expiration) values ('DesOwen', 'Antidépresseur', '2028-05-18');
insert into Medicament (nom_medicament, categorie, date_expiration) values ('Coconut Lime Antibacterial Hand Sanitizer', 'Antidépresseur', '2025-04-21');
insert into Medicament (nom_medicament, categorie, date_expiration) values ('Verapamil Hydrochloride', 'Antibiotique', '2025-03-29');
insert into Medicament (nom_medicament, categorie, date_expiration) values ('Clearskin Pore Penetrating', 'Antibiotique', '2028-02-08');
insert into Medicament (nom_medicament, categorie, date_expiration) values ('Upset Stomach Relief to Go', 'Narcotique', '2028-05-08');
insert into Medicament (nom_medicament, categorie, date_expiration) values ('Up and Up infants acetaminophen', 'Vitamines', '2026-12-08');
insert into Medicament (nom_medicament, categorie, date_expiration) values ('Fremont Cottonwood', 'Vitamines', '2027-11-20');
insert into Medicament (nom_medicament, categorie, date_expiration) values ('Homeopathic Facial Redness Formula', 'Antibiotique', '2026-11-29');
insert into Medicament (nom_medicament, categorie, date_expiration) values ('LEADER Azo Tabs Urinary Tract Analgesic', 'Anti-inflammatoire', '2025-11-10');
insert into Medicament (nom_medicament, categorie, date_expiration) values ('Nutricel Additive System - AS3', 'Antidépresseur', '2027-11-09');
insert into Medicament (nom_medicament, categorie, date_expiration) values ('Head and Shoulders', 'Antibiotique', '2025-02-28');
insert into Medicament (nom_medicament, categorie, date_expiration) values ('Clorazepate Dipotassium', 'Sédatif', '2027-10-22');
insert into Medicament (nom_medicament, categorie, date_expiration) values ('Fentanyl Citrate', 'Antidépresseur', '2027-09-06');
insert into Medicament (nom_medicament, categorie, date_expiration) values ('Bismuth subsalicylate', 'Antidépresseur', '2026-04-22');
insert into Medicament (nom_medicament, categorie, date_expiration) values ('Furosemide', 'Narcotique', '2026-10-13');
insert into Medicament (nom_medicament, categorie, date_expiration) values ('Chlor-Tabs', 'Narcotique', '2025-10-11');
insert into Medicament (nom_medicament, categorie, date_expiration) values ('Chlorthalidone', 'Antidépresseur', '2027-02-07');
insert into Medicament (nom_medicament, categorie, date_expiration) values ('Ampicillin', 'Anti-inflammatoire', '2026-01-09');
insert into Medicament (nom_medicament, categorie, date_expiration) values ('MANGO BUTTER LIPSTICK', 'Antibiotique', '2026-10-27');
insert into Medicament (nom_medicament, categorie, date_expiration) values ('Mugwort', 'Antibiotique', '2026-05-27');
insert into Medicament (nom_medicament, categorie, date_expiration) values ('Respaire-30', 'Vitamines', '2027-02-16');
insert into Medicament (nom_medicament, categorie, date_expiration) values ('Byetta', 'Antidépresseur', '2027-12-13');
insert into Medicament (nom_medicament, categorie, date_expiration) values ('Midol Complete', 'Narcotique', '2027-02-05');
insert into Medicament (nom_medicament, categorie, date_expiration) values ('Laxative pills', 'Sédatif', '2025-09-16');
insert into Medicament (nom_medicament, categorie, date_expiration) values ('TopCare day time severe cold and cough', 'Vitamines', '2025-05-01');
insert into Medicament (nom_medicament, categorie, date_expiration) values ('Dextrose', 'Anti-inflammatoire', '2026-09-29');
insert into Medicament (nom_medicament, categorie, date_expiration) values ('Cialis', 'Anti-inflammatoire', '2028-04-27');
insert into Medicament (nom_medicament, categorie, date_expiration) values ('Theraproxen-90', 'Sédatif', '2028-08-13');
insert into Medicament (nom_medicament, categorie, date_expiration) values ('TEMODAR', 'Anti-inflammatoire', '2028-03-29');
insert into Medicament (nom_medicament, categorie, date_expiration) values ('MBM 6 Liver', 'Anti-inflammatoire', '2026-10-15');
insert into Medicament (nom_medicament, categorie, date_expiration) values ('Suave Powder', 'Sédatif', '2028-07-03');
insert into Medicament (nom_medicament, categorie, date_expiration) values ('donepezil hydrochloride', 'Sédatif', '2028-09-19');
insert into Medicament (nom_medicament, categorie, date_expiration) values ('Lancell Slimming', 'Antibiotique', '2025-03-22');
insert into Medicament (nom_medicament, categorie, date_expiration) values ('Proactiv', 'Antibiotique', '2028-03-12');
insert into Medicament (nom_medicament, categorie, date_expiration) values ('Lemon Verbena Antibacterial Hand Wash', 'Narcotique', '2027-12-10');
insert into Medicament (nom_medicament, categorie, date_expiration) values ('ROPINIROLE HYDROCHLORIDE', 'Antibiotique', '2028-03-16');
insert into Medicament (nom_medicament, categorie, date_expiration) values ('RUTA GRAV', 'Antibiotique', '2025-02-08');
insert into Medicament (nom_medicament, categorie, date_expiration) values ('Oxacillin', 'Antidépresseur', '2025-09-04');
insert into Medicament (nom_medicament, categorie, date_expiration) values ('METHADONE HYDROCHLORIDE', 'Anti-inflammatoire', '2026-10-26');
insert into Medicament (nom_medicament, categorie, date_expiration) values ('Zosyn', 'Sédatif', '2028-06-05');
insert into Medicament (nom_medicament, categorie, date_expiration) values ('VENTOLIN', 'Narcotique', '2027-04-19');
insert into Medicament (nom_medicament, categorie, date_expiration) values ('CAMPHOR (SYNTHETIC) and PHENOL', 'Antidépresseur', '2028-11-05');
insert into Medicament (nom_medicament, categorie, date_expiration) values ('Gabapentin', 'Vitamines', '2028-01-26');
insert into Medicament (nom_medicament, categorie, date_expiration) values ('Quercetin Phenolic', 'Narcotique', '2028-05-01');
insert into Medicament (nom_medicament, categorie, date_expiration) values ('Keppra', 'Antidépresseur', '2027-10-28');
insert into Medicament (nom_medicament, categorie, date_expiration) values ('Minoxidil', 'Antibiotique', '2027-09-04');
insert into Medicament (nom_medicament, categorie, date_expiration) values ('HYDRALAZINE HYDROCHLORIDE', 'Vitamines', '2025-08-21');
insert into Medicament (nom_medicament, categorie, date_expiration) values ('NEXIUM', 'Sédatif', '2026-07-28');
insert into Medicament (nom_medicament, categorie, date_expiration) values ('Neuro', 'Anti-inflammatoire', '2026-11-14');
insert into Medicament (nom_medicament, categorie, date_expiration) values ('Colestipol Hydrochloride', 'Antidépresseur', '2027-09-20');
insert into Medicament (nom_medicament, categorie, date_expiration) values ('Bupropion Hydrochloride', 'Anti-inflammatoire', '2028-06-11');
insert into Medicament (nom_medicament, categorie, date_expiration) values ('Nitrogen', 'Antidépresseur', '2027-01-14');
insert into Medicament (nom_medicament, categorie, date_expiration) values ('CLINIQUE CX', 'Anti-inflammatoire', '2026-09-30');
insert into Medicament (nom_medicament, categorie, date_expiration) values ('Acyclovir', 'Narcotique', '2025-02-02');
insert into Medicament (nom_medicament, categorie, date_expiration) values ('Levothyroxine Sodium', 'Antibiotique', '2028-07-16');
insert into Medicament (nom_medicament, categorie, date_expiration) values ('Oxaliplatin', 'Narcotique', '2025-06-14');
insert into Medicament (nom_medicament, categorie, date_expiration) values ('DG Health Sleep Aid', 'Sédatif', '2026-06-17');
insert into Medicament (nom_medicament, categorie, date_expiration) values ('Treatment Set TS346697', 'Anti-inflammatoire', '2028-07-18');
insert into Medicament (nom_medicament, categorie, date_expiration) values ('Mekinist', 'Antidépresseur', '2027-09-13');
insert into Medicament (nom_medicament, categorie, date_expiration) values ('Heparin Sodium', 'Vitamines', '2026-12-17');
insert into Medicament (nom_medicament, categorie, date_expiration) values ('Ondansetron', 'Vitamines', '2028-01-15');
insert into Medicament (nom_medicament, categorie, date_expiration) values ('Dexmethylphenidate Hydrochloride', 'Sédatif', '2025-08-05');
insert into Medicament (nom_medicament, categorie, date_expiration) values ('Losortan Potassium', 'Vitamines', '2028-07-18');
insert into Medicament (nom_medicament, categorie, date_expiration) values ('Glimepiride', 'Narcotique', '2028-06-15');
insert into Medicament (nom_medicament, categorie, date_expiration) values ('RETROVIR', 'Vitamines', '2028-09-12');
insert into Medicament (nom_medicament, categorie, date_expiration) values ('Lomustine', 'Vitamines', '2026-06-30');
insert into Medicament (nom_medicament, categorie, date_expiration) values ('TCX Skincare', 'Anti-inflammatoire', '2026-11-27');
insert into Medicament (nom_medicament, categorie, date_expiration) values ('Aromafields Plumeria Scented Anti-Bacterial Hand', 'Antibiotique', '2026-05-21');
insert into Medicament (nom_medicament, categorie, date_expiration) values ('Warts - Moles - Skin Tags', 'Antibiotique', '2027-07-24');
insert into Medicament (nom_medicament, categorie, date_expiration) values ('Burn-B Gone OTC', 'Vitamines', '2027-02-08');
insert into Medicament (nom_medicament, categorie, date_expiration) values ('CELEBREX', 'Narcotique', '2026-07-09');
insert into Medicament (nom_medicament, categorie, date_expiration) values ('Lucky', 'Narcotique', '2025-06-14');
insert into Medicament (nom_medicament, categorie, date_expiration) values ('Microzide', 'Sédatif', '2027-03-01');
insert into Medicament (nom_medicament, categorie, date_expiration) values ('Cenestin', 'Narcotique', '2025-05-31');
insert into Medicament (nom_medicament, categorie, date_expiration) values ('Junel Fe 1/20', 'Sédatif', '2026-02-06');
insert into Medicament (nom_medicament, categorie, date_expiration) values ('PERCOCET', 'Sédatif', '2028-01-26');
insert into Medicament (nom_medicament, categorie, date_expiration) values ('Fosphenytoin Sodium', 'Anti-inflammatoire', '2028-04-07');
insert into Medicament (nom_medicament, categorie, date_expiration) values ('Methergine', 'Vitamines', '2026-07-04');
insert into Medicament (nom_medicament, categorie, date_expiration) values ('Diphenhydramine HCl', 'Anti-inflammatoire', '2028-04-28');
insert into Medicament (nom_medicament, categorie, date_expiration) values ('Omeprazole', 'Antibiotique', '2025-08-03');
insert into Medicament (nom_medicament, categorie, date_expiration) values ('Skin Rash Acne', 'Antidépresseur', '2027-03-13');
insert into Medicament (nom_medicament, categorie, date_expiration) values ('Antibacterial Hand Arctic blast', 'Sédatif', '2027-09-13');
insert into Medicament (nom_medicament, categorie, date_expiration) values ('Metoprolol Tartrate', 'Anti-inflammatoire', '2028-05-01');
insert into Medicament (nom_medicament, categorie, date_expiration) values ('Risperidone', 'Narcotique', '2025-05-18');
insert into Medicament (nom_medicament, categorie, date_expiration) values ('Lamotrigine', 'Sédatif', '2025-11-27');
insert into Medicament (nom_medicament, categorie, date_expiration) values ('Pioglitazone', 'Sédatif', '2025-04-13');
insert into Medicament (nom_medicament, categorie, date_expiration) values ('DILAUDID', 'Anti-inflammatoire', '2026-06-01');
insert into Medicament (nom_medicament, categorie, date_expiration) values ('Fluconazole', 'Sédatif', '2025-05-19');
insert into Medicament (nom_medicament, categorie, date_expiration) values ('ANBESOL REGULAR STRENGTH', 'Sédatif', '2027-06-05');
insert into Medicament (nom_medicament, categorie, date_expiration) values ('DOXYCYCLINE', 'Antidépresseur', '2026-11-03');
insert into Medicament (nom_medicament, categorie, date_expiration) values ('Bupropion hydrochloride', 'Antidépresseur', '2026-12-29');
insert into Medicament (nom_medicament, categorie, date_expiration) values ('Olanzapine', 'Anti-inflammatoire', '2025-02-11');
insert into Medicament (nom_medicament, categorie, date_expiration) values ('CORTEF', 'Anti-inflammatoire', '2025-12-10');
insert into Medicament (nom_medicament, categorie, date_expiration) values ('Pro Hands Antiseptic Hand', 'Vitamines', '2028-07-29');
insert into Medicament (nom_medicament, categorie, date_expiration) values ('Cold Sore Relief', 'Narcotique', '2028-09-08');
insert into Medicament (nom_medicament, categorie, date_expiration) values ('Haemonetics Anticoagulant Citrate Dextrose Solution', 'Vitamines', '2027-08-07');
insert into Medicament (nom_medicament, categorie, date_expiration) values ('Oxygen', 'Anti-inflammatoire', '2028-09-15');
insert into Medicament (nom_medicament, categorie, date_expiration) values ('Carp', 'Anti-inflammatoire', '2025-06-23');
insert into Medicament (nom_medicament, categorie, date_expiration) values ('Rough Marsh Elder', 'Antidépresseur', '2025-06-23');
insert into Medicament (nom_medicament, categorie, date_expiration) values ('Treatment Set TS347336', 'Antidépresseur', '2025-08-22');
insert into Medicament (nom_medicament, categorie, date_expiration) values ('Tussi Pres B', 'Antidépresseur', '2027-02-05');
insert into Medicament (nom_medicament, categorie, date_expiration) values ('Ramipril', 'Antidépresseur', '2025-07-05');
insert into Medicament (nom_medicament, categorie, date_expiration) values ('Enalapril Maleate and Hydrochlorothiazide', 'Anti-inflammatoire', '2028-06-14');
insert into Medicament (nom_medicament, categorie, date_expiration) values ('Lamotrigine', 'Anti-inflammatoire', '2028-08-20');
insert into Medicament (nom_medicament, categorie, date_expiration) values ('Treatment Set TS330533', 'Antibiotique', '2025-10-16');
insert into Medicament (nom_medicament, categorie, date_expiration) values ('Ibuprofen PM', 'Narcotique', '2027-10-11');
insert into Medicament (nom_medicament, categorie, date_expiration) values ('Meloxicam', 'Sédatif', '2027-10-27');
insert into Medicament (nom_medicament, categorie, date_expiration) values ('Allergy Relief', 'Vitamines', '2027-10-29');
insert into Medicament (nom_medicament, categorie, date_expiration) values ('GODDESS GARDEN ORGANICS Tangerine Lavender DAILY BROAD SPECTRUM SPF 15', 'Sédatif', '2026-09-03');
insert into Medicament (nom_medicament, categorie, date_expiration) values ('Nitrogen', 'Narcotique', '2027-10-30');
insert into Medicament (nom_medicament, categorie, date_expiration) values ('Aurum Hypericum', 'Antidépresseur', '2028-05-13');
insert into Medicament (nom_medicament, categorie, date_expiration) values ('MediChoice Premium Anticavity Fluoride', 'Antidépresseur', '2027-09-08');
insert into Medicament (nom_medicament, categorie, date_expiration) values ('Irbesartan and Hydrochlorothiazide', 'Narcotique', '2025-03-07');
insert into Medicament (nom_medicament, categorie, date_expiration) values ('XtraCare Creamy Petroleum Jelly', 'Antidépresseur', '2025-05-22');
insert into Medicament (nom_medicament, categorie, date_expiration) values ('Fosphenytoin Sodium', 'Anti-inflammatoire', '2028-11-20');
insert into Medicament (nom_medicament, categorie, date_expiration) values ('Natural Concept Body Wash', 'Antibiotique', '2026-11-11');
insert into Medicament (nom_medicament, categorie, date_expiration) values ('Childrens Ibuprofen', 'Sédatif', '2025-10-20');
insert into Medicament (nom_medicament, categorie, date_expiration) values ('Carbon Dioxide-Oxygen-Nitrogen Mixture', 'Anti-inflammatoire', '2025-01-10');
insert into Medicament (nom_medicament, categorie, date_expiration) values ('Aspirin', 'Vitamines', '2027-07-25');
insert into Medicament (nom_medicament, categorie, date_expiration) values ('Purminerals 4 in 1 Makeup SPF 15 Light', 'Anti-inflammatoire', '2025-12-15');
insert into Medicament (nom_medicament, categorie, date_expiration) values ('Levetiracetam', 'Anti-inflammatoire', '2028-07-04');
insert into Medicament (nom_medicament, categorie, date_expiration) values ('Naloxone Hydrochloride', 'Narcotique', '2027-11-05');
insert into Medicament (nom_medicament, categorie, date_expiration) values ('Bio Elm', 'Sédatif', '2027-11-07');
insert into Medicament (nom_medicament, categorie, date_expiration) values ('Propranolol Hydrochloride', 'Sédatif', '2026-12-11');
insert into Medicament (nom_medicament, categorie, date_expiration) values ('Timeless EGF Power Essence', 'Antidépresseur', '2028-10-13');
insert into Medicament (nom_medicament, categorie, date_expiration) values ('Codfish', 'Antibiotique', '2025-06-19');
insert into Medicament (nom_medicament, categorie, date_expiration) values ('Up and up stool softener', 'Narcotique', '2026-05-26');
insert into Medicament (nom_medicament, categorie, date_expiration) values ('URSODIOL', 'Narcotique', '2028-08-31');
insert into Medicament (nom_medicament, categorie, date_expiration) values ('Babor Body Line Thermal Smooth Effect Body', 'Vitamines', '2027-05-19');
insert into Medicament (nom_medicament, categorie, date_expiration) values ('Flawless by Sonya Aloe BB Creme', 'Vitamines', '2028-07-22');
insert into Medicament (nom_medicament, categorie, date_expiration) values ('Cheongin Samrakhwan', 'Anti-inflammatoire', '2028-02-11');
insert into Medicament (nom_medicament, categorie, date_expiration) values ('VOGELXO', 'Narcotique', '2026-08-06');
insert into Medicament (nom_medicament, categorie, date_expiration) values ('Spartan E2 Hand Wash and Sanitizer', 'Antidépresseur', '2026-06-11');
insert into Medicament (nom_medicament, categorie, date_expiration) values ('Cerezyme', 'Narcotique', '2025-04-29');
insert into Medicament (nom_medicament, categorie, date_expiration) values ('Nitrofurantion Macrocrystals', 'Vitamines', '2026-12-18');
insert into Medicament (nom_medicament, categorie, date_expiration) values ('SPF 18 SUPER SENSITIVE SUNSCREEN', 'Vitamines', '2025-02-20');
insert into Medicament (nom_medicament, categorie, date_expiration) values ('Mupirocin', 'Narcotique', '2025-11-29');
insert into Medicament (nom_medicament, categorie, date_expiration) values ('IQUIX', 'Antibiotique', '2027-03-10');
insert into Medicament (nom_medicament, categorie, date_expiration) values ('SMASHBOX', 'Narcotique', '2026-08-12');


insert into Indication (numero_medicament, mode_administration, effet_secondaire, est_narcotique, deconseille_aux_enfants) values (50, 'Crème', 'Maux de tête', 1, 1);
insert into Indication (numero_medicament, mode_administration, effet_secondaire, est_narcotique, deconseille_aux_enfants) values (18, 'Inhalateur', 'Constipation', 0, 1);
insert into Indication (numero_medicament, mode_administration, effet_secondaire, est_narcotique, deconseille_aux_enfants) values (223, 'Crème', 'Hallucination', 0, 0);
insert into Indication (numero_medicament, mode_administration, effet_secondaire, est_narcotique, deconseille_aux_enfants) values (33, 'Capsule', 'Constipation', 1, 0);
insert into Indication (numero_medicament, mode_administration, effet_secondaire, est_narcotique, deconseille_aux_enfants) values (204, 'Inhalateur', 'Constipation', 0, 1);
insert into Indication (numero_medicament, mode_administration, effet_secondaire, est_narcotique, deconseille_aux_enfants) values (210, 'Capsule', 'Maux de tête', 1, 1);
insert into Indication (numero_medicament, mode_administration, effet_secondaire, est_narcotique, deconseille_aux_enfants) values (126, 'Crème', 'Constipation', 1, 0);
insert into Indication (numero_medicament, mode_administration, effet_secondaire, est_narcotique, deconseille_aux_enfants) values (170, 'Capsule', 'Constipation', 0, 1);
insert into Indication (numero_medicament, mode_administration, effet_secondaire, est_narcotique, deconseille_aux_enfants) values (41, 'Inhalateur', 'Hallucination', 1, 0);
insert into Indication (numero_medicament, mode_administration, effet_secondaire, est_narcotique, deconseille_aux_enfants) values (188, 'Crème', 'Maux de tête', 0, 0);
insert into Indication (numero_medicament, mode_administration, effet_secondaire, est_narcotique, deconseille_aux_enfants) values (101, 'Vaporisateur', 'Diarrhée', 0, 1);
insert into Indication (numero_medicament, mode_administration, effet_secondaire, est_narcotique, deconseille_aux_enfants) values (184, 'Inhalateur', 'Maux de tête', 0, 1);
insert into Indication (numero_medicament, mode_administration, effet_secondaire, est_narcotique, deconseille_aux_enfants) values (201, 'Crème', 'Hallucination', 1, 0);
insert into Indication (numero_medicament, mode_administration, effet_secondaire, est_narcotique, deconseille_aux_enfants) values (219, 'Capsule', 'Diarrhée', 0, 0);
insert into Indication (numero_medicament, mode_administration, effet_secondaire, est_narcotique, deconseille_aux_enfants) values (126, 'Crème', 'Diarrhée', 1, 0);
insert into Indication (numero_medicament, mode_administration, effet_secondaire, est_narcotique, deconseille_aux_enfants) values (235, 'Inhalateur', 'Maux de tête', 1, 0);
insert into Indication (numero_medicament, mode_administration, effet_secondaire, est_narcotique, deconseille_aux_enfants) values (192, 'Vaporisateur', 'Constipation', 0, 0);
insert into Indication (numero_medicament, mode_administration, effet_secondaire, est_narcotique, deconseille_aux_enfants) values (164, 'Vaporisateur', 'Diarrhée', 0, 0);
insert into Indication (numero_medicament, mode_administration, effet_secondaire, est_narcotique, deconseille_aux_enfants) values (120, 'Vaporisateur', 'Hallucination', 1, 0);
insert into Indication (numero_medicament, mode_administration, effet_secondaire, est_narcotique, deconseille_aux_enfants) values (117, 'Crème', 'Maux de tête', 1, 1);
insert into Indication (numero_medicament, mode_administration, effet_secondaire, est_narcotique, deconseille_aux_enfants) values (138, 'Inhalateur', 'Hallucination', 0, 1);
insert into Indication (numero_medicament, mode_administration, effet_secondaire, est_narcotique, deconseille_aux_enfants) values (133, 'Capsule', 'Hallucination', 0, 1);
insert into Indication (numero_medicament, mode_administration, effet_secondaire, est_narcotique, deconseille_aux_enfants) values (100, 'Crème', 'Maux de tête', 1, 1);
insert into Indication (numero_medicament, mode_administration, effet_secondaire, est_narcotique, deconseille_aux_enfants) values (86, 'Crème', 'Maux de tête', 0, 1);
insert into Indication (numero_medicament, mode_administration, effet_secondaire, est_narcotique, deconseille_aux_enfants) values (196, 'Crème', 'Maux de tête', 1, 1);
insert into Indication (numero_medicament, mode_administration, effet_secondaire, est_narcotique, deconseille_aux_enfants) values (62, 'Capsule', 'Maux de tête', 0, 0);
insert into Indication (numero_medicament, mode_administration, effet_secondaire, est_narcotique, deconseille_aux_enfants) values (68, 'Inhalateur', 'Constipation', 1, 0);
insert into Indication (numero_medicament, mode_administration, effet_secondaire, est_narcotique, deconseille_aux_enfants) values (242, 'Inhalateur', 'Maux de tête', 1, 0);
insert into Indication (numero_medicament, mode_administration, effet_secondaire, est_narcotique, deconseille_aux_enfants) values (136, 'Crème', 'Diarrhée', 0, 0);
insert into Indication (numero_medicament, mode_administration, effet_secondaire, est_narcotique, deconseille_aux_enfants) values (10, 'Capsule', 'Maux de tête', 1, 0);
insert into Indication (numero_medicament, mode_administration, effet_secondaire, est_narcotique, deconseille_aux_enfants) values (40, 'Inhalateur', 'Diarrhée', 1, 0);
insert into Indication (numero_medicament, mode_administration, effet_secondaire, est_narcotique, deconseille_aux_enfants) values (35, 'Vaporisateur', 'Hallucination', 1, 0);
insert into Indication (numero_medicament, mode_administration, effet_secondaire, est_narcotique, deconseille_aux_enfants) values (212, 'Crème', 'Constipation', 1, 1);
insert into Indication (numero_medicament, mode_administration, effet_secondaire, est_narcotique, deconseille_aux_enfants) values (115, 'Inhalateur', 'Diarrhée', 1, 0);
insert into Indication (numero_medicament, mode_administration, effet_secondaire, est_narcotique, deconseille_aux_enfants) values (225, 'Inhalateur', 'Maux de tête', 1, 1);
insert into Indication (numero_medicament, mode_administration, effet_secondaire, est_narcotique, deconseille_aux_enfants) values (205, 'Capsule', 'Constipation', 0, 1);
insert into Indication (numero_medicament, mode_administration, effet_secondaire, est_narcotique, deconseille_aux_enfants) values (84, 'Capsule', 'Hallucination', 1, 1);
insert into Indication (numero_medicament, mode_administration, effet_secondaire, est_narcotique, deconseille_aux_enfants) values (196, 'Crème', 'Diarrhée', 1, 1);
insert into Indication (numero_medicament, mode_administration, effet_secondaire, est_narcotique, deconseille_aux_enfants) values (103, 'Crème', 'Hallucination', 0, 1);
insert into Indication (numero_medicament, mode_administration, effet_secondaire, est_narcotique, deconseille_aux_enfants) values (191, 'Inhalateur', 'Diarrhée', 1, 0);
insert into Indication (numero_medicament, mode_administration, effet_secondaire, est_narcotique, deconseille_aux_enfants) values (128, 'Crème', 'Hallucination', 0, 0);
insert into Indication (numero_medicament, mode_administration, effet_secondaire, est_narcotique, deconseille_aux_enfants) values (36, 'Vaporisateur', 'Maux de tête', 0, 1);
insert into Indication (numero_medicament, mode_administration, effet_secondaire, est_narcotique, deconseille_aux_enfants) values (11, 'Capsule', 'Maux de tête', 0, 0);
insert into Indication (numero_medicament, mode_administration, effet_secondaire, est_narcotique, deconseille_aux_enfants) values (10, 'Crème', 'Constipation', 0, 1);
insert into Indication (numero_medicament, mode_administration, effet_secondaire, est_narcotique, deconseille_aux_enfants) values (50, 'Capsule', 'Constipation', 1, 0);
insert into Indication (numero_medicament, mode_administration, effet_secondaire, est_narcotique, deconseille_aux_enfants) values (203, 'Vaporisateur', 'Constipation', 1, 0);
insert into Indication (numero_medicament, mode_administration, effet_secondaire, est_narcotique, deconseille_aux_enfants) values (86, 'Crème', 'Diarrhée', 0, 1);
insert into Indication (numero_medicament, mode_administration, effet_secondaire, est_narcotique, deconseille_aux_enfants) values (154, 'Vaporisateur', 'Hallucination', 1, 1);
insert into Indication (numero_medicament, mode_administration, effet_secondaire, est_narcotique, deconseille_aux_enfants) values (102, 'Crème', 'Hallucination', 1, 0);
insert into Indication (numero_medicament, mode_administration, effet_secondaire, est_narcotique, deconseille_aux_enfants) values (234, 'Inhalateur', 'Constipation', 0, 1);
insert into Indication (numero_medicament, mode_administration, effet_secondaire, est_narcotique, deconseille_aux_enfants) values (69, 'Crème', 'Hallucination', 1, 0);
insert into Indication (numero_medicament, mode_administration, effet_secondaire, est_narcotique, deconseille_aux_enfants) values (147, 'Inhalateur', 'Diarrhée', 1, 1);
insert into Indication (numero_medicament, mode_administration, effet_secondaire, est_narcotique, deconseille_aux_enfants) values (171, 'Inhalateur', 'Diarrhée', 1, 0);
insert into Indication (numero_medicament, mode_administration, effet_secondaire, est_narcotique, deconseille_aux_enfants) values (21, 'Vaporisateur', 'Maux de tête', 0, 1);
insert into Indication (numero_medicament, mode_administration, effet_secondaire, est_narcotique, deconseille_aux_enfants) values (27, 'Capsule', 'Constipation', 1, 1);
insert into Indication (numero_medicament, mode_administration, effet_secondaire, est_narcotique, deconseille_aux_enfants) values (147, 'Capsule', 'Hallucination', 0, 0);
insert into Indication (numero_medicament, mode_administration, effet_secondaire, est_narcotique, deconseille_aux_enfants) values (68, 'Capsule', 'Constipation', 0, 1);
insert into Indication (numero_medicament, mode_administration, effet_secondaire, est_narcotique, deconseille_aux_enfants) values (127, 'Capsule', 'Hallucination', 0, 1);
insert into Indication (numero_medicament, mode_administration, effet_secondaire, est_narcotique, deconseille_aux_enfants) values (26, 'Capsule', 'Maux de tête', 1, 1);
insert into Indication (numero_medicament, mode_administration, effet_secondaire, est_narcotique, deconseille_aux_enfants) values (2, 'Capsule', 'Maux de tête', 1, 1);
insert into Indication (numero_medicament, mode_administration, effet_secondaire, est_narcotique, deconseille_aux_enfants) values (12, 'Inhalateur', 'Maux de tête', 0, 1);
insert into Indication (numero_medicament, mode_administration, effet_secondaire, est_narcotique, deconseille_aux_enfants) values (66, 'Crème', 'Hallucination', 1, 0);
insert into Indication (numero_medicament, mode_administration, effet_secondaire, est_narcotique, deconseille_aux_enfants) values (13, 'Vaporisateur', 'Diarrhée', 1, 0);
insert into Indication (numero_medicament, mode_administration, effet_secondaire, est_narcotique, deconseille_aux_enfants) values (234, 'Capsule', 'Maux de tête', 1, 1);
insert into Indication (numero_medicament, mode_administration, effet_secondaire, est_narcotique, deconseille_aux_enfants) values (83, 'Crème', 'Maux de tête', 1, 1);
insert into Indication (numero_medicament, mode_administration, effet_secondaire, est_narcotique, deconseille_aux_enfants) values (137, 'Capsule', 'Maux de tête', 1, 0);
insert into Indication (numero_medicament, mode_administration, effet_secondaire, est_narcotique, deconseille_aux_enfants) values (188, 'Vaporisateur', 'Constipation', 1, 1);
insert into Indication (numero_medicament, mode_administration, effet_secondaire, est_narcotique, deconseille_aux_enfants) values (52, 'Vaporisateur', 'Hallucination', 1, 0);
insert into Indication (numero_medicament, mode_administration, effet_secondaire, est_narcotique, deconseille_aux_enfants) values (200, 'Vaporisateur', 'Maux de tête', 0, 0);
insert into Indication (numero_medicament, mode_administration, effet_secondaire, est_narcotique, deconseille_aux_enfants) values (22, 'Crème', 'Constipation', 0, 0);
insert into Indication (numero_medicament, mode_administration, effet_secondaire, est_narcotique, deconseille_aux_enfants) values (104, 'Crème', 'Hallucination', 0, 0);
insert into Indication (numero_medicament, mode_administration, effet_secondaire, est_narcotique, deconseille_aux_enfants) values (67, 'Capsule', 'Diarrhée', 0, 0);
insert into Indication (numero_medicament, mode_administration, effet_secondaire, est_narcotique, deconseille_aux_enfants) values (234, 'Capsule', 'Maux de tête', 0, 1);
insert into Indication (numero_medicament, mode_administration, effet_secondaire, est_narcotique, deconseille_aux_enfants) values (234, 'Capsule', 'Constipation', 1, 0);
insert into Indication (numero_medicament, mode_administration, effet_secondaire, est_narcotique, deconseille_aux_enfants) values (51, 'Inhalateur', 'Diarrhée', 1, 1);
insert into Indication (numero_medicament, mode_administration, effet_secondaire, est_narcotique, deconseille_aux_enfants) values (107, 'Capsule', 'Constipation', 1, 0);
insert into Indication (numero_medicament, mode_administration, effet_secondaire, est_narcotique, deconseille_aux_enfants) values (245, 'Vaporisateur', 'Maux de tête', 1, 1);
insert into Indication (numero_medicament, mode_administration, effet_secondaire, est_narcotique, deconseille_aux_enfants) values (44, 'Crème', 'Hallucination', 1, 1);
insert into Indication (numero_medicament, mode_administration, effet_secondaire, est_narcotique, deconseille_aux_enfants) values (19, 'Capsule', 'Hallucination', 1, 0);
insert into Indication (numero_medicament, mode_administration, effet_secondaire, est_narcotique, deconseille_aux_enfants) values (228, 'Crème', 'Hallucination', 1, 1);
insert into Indication (numero_medicament, mode_administration, effet_secondaire, est_narcotique, deconseille_aux_enfants) values (18, 'Vaporisateur', 'Hallucination', 0, 0);
insert into Indication (numero_medicament, mode_administration, effet_secondaire, est_narcotique, deconseille_aux_enfants) values (26, 'Inhalateur', 'Maux de tête', 0, 1);
insert into Indication (numero_medicament, mode_administration, effet_secondaire, est_narcotique, deconseille_aux_enfants) values (15, 'Crème', 'Diarrhée', 0, 1);
insert into Indication (numero_medicament, mode_administration, effet_secondaire, est_narcotique, deconseille_aux_enfants) values (85, 'Capsule', 'Maux de tête', 1, 1);
insert into Indication (numero_medicament, mode_administration, effet_secondaire, est_narcotique, deconseille_aux_enfants) values (214, 'Capsule', 'Constipation', 0, 1);
insert into Indication (numero_medicament, mode_administration, effet_secondaire, est_narcotique, deconseille_aux_enfants) values (165, 'Inhalateur', 'Diarrhée', 1, 1);
insert into Indication (numero_medicament, mode_administration, effet_secondaire, est_narcotique, deconseille_aux_enfants) values (158, 'Capsule', 'Maux de tête', 1, 1);
insert into Indication (numero_medicament, mode_administration, effet_secondaire, est_narcotique, deconseille_aux_enfants) values (106, 'Vaporisateur', 'Constipation', 1, 1);
insert into Indication (numero_medicament, mode_administration, effet_secondaire, est_narcotique, deconseille_aux_enfants) values (205, 'Vaporisateur', 'Hallucination', 1, 1);
insert into Indication (numero_medicament, mode_administration, effet_secondaire, est_narcotique, deconseille_aux_enfants) values (80, 'Crème', 'Diarrhée', 0, 1);
insert into Indication (numero_medicament, mode_administration, effet_secondaire, est_narcotique, deconseille_aux_enfants) values (77, 'Crème', 'Constipation', 0, 1);
insert into Indication (numero_medicament, mode_administration, effet_secondaire, est_narcotique, deconseille_aux_enfants) values (177, 'Vaporisateur', 'Maux de tête', 0, 0);
insert into Indication (numero_medicament, mode_administration, effet_secondaire, est_narcotique, deconseille_aux_enfants) values (96, 'Crème', 'Diarrhée', 0, 0);
insert into Indication (numero_medicament, mode_administration, effet_secondaire, est_narcotique, deconseille_aux_enfants) values (142, 'Crème', 'Constipation', 0, 1);
insert into Indication (numero_medicament, mode_administration, effet_secondaire, est_narcotique, deconseille_aux_enfants) values (189, 'Inhalateur', 'Maux de tête', 1, 1);
insert into Indication (numero_medicament, mode_administration, effet_secondaire, est_narcotique, deconseille_aux_enfants) values (82, 'Crème', 'Constipation', 0, 0);
insert into Indication (numero_medicament, mode_administration, effet_secondaire, est_narcotique, deconseille_aux_enfants) values (199, 'Crème', 'Diarrhée', 1, 1);
insert into Indication (numero_medicament, mode_administration, effet_secondaire, est_narcotique, deconseille_aux_enfants) values (21, 'Inhalateur', 'Constipation', 0, 0);
insert into Indication (numero_medicament, mode_administration, effet_secondaire, est_narcotique, deconseille_aux_enfants) values (41, 'Crème', 'Maux de tête', 1, 1);
insert into Indication (numero_medicament, mode_administration, effet_secondaire, est_narcotique, deconseille_aux_enfants) values (29, 'Capsule', 'Hallucination', 0, 0);
insert into Indication (numero_medicament, mode_administration, effet_secondaire, est_narcotique, deconseille_aux_enfants) values (98, 'Capsule', 'Maux de tête', 1, 0);
insert into Indication (numero_medicament, mode_administration, effet_secondaire, est_narcotique, deconseille_aux_enfants) values (10, 'Vaporisateur', 'Maux de tête', 0, 0);
insert into Indication (numero_medicament, mode_administration, effet_secondaire, est_narcotique, deconseille_aux_enfants) values (147, 'Crème', 'Maux de tête', 1, 1);
insert into Indication (numero_medicament, mode_administration, effet_secondaire, est_narcotique, deconseille_aux_enfants) values (183, 'Capsule', 'Maux de tête', 1, 1);
insert into Indication (numero_medicament, mode_administration, effet_secondaire, est_narcotique, deconseille_aux_enfants) values (170, 'Vaporisateur', 'Maux de tête', 1, 1);
insert into Indication (numero_medicament, mode_administration, effet_secondaire, est_narcotique, deconseille_aux_enfants) values (68, 'Inhalateur', 'Constipation', 1, 1);
insert into Indication (numero_medicament, mode_administration, effet_secondaire, est_narcotique, deconseille_aux_enfants) values (191, 'Crème', 'Diarrhée', 0, 1);
insert into Indication (numero_medicament, mode_administration, effet_secondaire, est_narcotique, deconseille_aux_enfants) values (75, 'Vaporisateur', 'Hallucination', 1, 0);
insert into Indication (numero_medicament, mode_administration, effet_secondaire, est_narcotique, deconseille_aux_enfants) values (228, 'Capsule', 'Maux de tête', 0, 1);
insert into Indication (numero_medicament, mode_administration, effet_secondaire, est_narcotique, deconseille_aux_enfants) values (68, 'Inhalateur', 'Maux de tête', 1, 0);
insert into Indication (numero_medicament, mode_administration, effet_secondaire, est_narcotique, deconseille_aux_enfants) values (198, 'Inhalateur', 'Hallucination', 1, 1);
insert into Indication (numero_medicament, mode_administration, effet_secondaire, est_narcotique, deconseille_aux_enfants) values (233, 'Crème', 'Diarrhée', 1, 1);
insert into Indication (numero_medicament, mode_administration, effet_secondaire, est_narcotique, deconseille_aux_enfants) values (129, 'Inhalateur', 'Constipation', 1, 0);
insert into Indication (numero_medicament, mode_administration, effet_secondaire, est_narcotique, deconseille_aux_enfants) values (240, 'Crème', 'Diarrhée', 1, 1);
insert into Indication (numero_medicament, mode_administration, effet_secondaire, est_narcotique, deconseille_aux_enfants) values (61, 'Capsule', 'Maux de tête', 1, 1);
insert into Indication (numero_medicament, mode_administration, effet_secondaire, est_narcotique, deconseille_aux_enfants) values (7, 'Crème', 'Maux de tête', 0, 0);
insert into Indication (numero_medicament, mode_administration, effet_secondaire, est_narcotique, deconseille_aux_enfants) values (249, 'Inhalateur', 'Hallucination', 1, 0);
insert into Indication (numero_medicament, mode_administration, effet_secondaire, est_narcotique, deconseille_aux_enfants) values (250, 'Capsule', 'Hallucination', 1, 0);
insert into Indication (numero_medicament, mode_administration, effet_secondaire, est_narcotique, deconseille_aux_enfants) values (246, 'Crème', 'Maux de tête', 0, 1);
insert into Indication (numero_medicament, mode_administration, effet_secondaire, est_narcotique, deconseille_aux_enfants) values (13, 'Vaporisateur', 'Constipation', 1, 0);
insert into Indication (numero_medicament, mode_administration, effet_secondaire, est_narcotique, deconseille_aux_enfants) values (37, 'Capsule', 'Constipation', 1, 1);
insert into Indication (numero_medicament, mode_administration, effet_secondaire, est_narcotique, deconseille_aux_enfants) values (221, 'Capsule', 'Constipation', 0, 0);
insert into Indication (numero_medicament, mode_administration, effet_secondaire, est_narcotique, deconseille_aux_enfants) values (167, 'Vaporisateur', 'Constipation', 1, 0);
insert into Indication (numero_medicament, mode_administration, effet_secondaire, est_narcotique, deconseille_aux_enfants) values (29, 'Capsule', 'Maux de tête', 0, 1);
insert into Indication (numero_medicament, mode_administration, effet_secondaire, est_narcotique, deconseille_aux_enfants) values (92, 'Inhalateur', 'Maux de tête', 1, 1);
insert into Indication (numero_medicament, mode_administration, effet_secondaire, est_narcotique, deconseille_aux_enfants) values (49, 'Vaporisateur', 'Maux de tête', 1, 0);
insert into Indication (numero_medicament, mode_administration, effet_secondaire, est_narcotique, deconseille_aux_enfants) values (205, 'Crème', 'Hallucination', 1, 1);
insert into Indication (numero_medicament, mode_administration, effet_secondaire, est_narcotique, deconseille_aux_enfants) values (224, 'Capsule', 'Constipation', 1, 0);
insert into Indication (numero_medicament, mode_administration, effet_secondaire, est_narcotique, deconseille_aux_enfants) values (233, 'Crème', 'Maux de tête', 1, 0);
insert into Indication (numero_medicament, mode_administration, effet_secondaire, est_narcotique, deconseille_aux_enfants) values (65, 'Capsule', 'Diarrhée', 0, 1);
insert into Indication (numero_medicament, mode_administration, effet_secondaire, est_narcotique, deconseille_aux_enfants) values (78, 'Inhalateur', 'Diarrhée', 1, 1);
insert into Indication (numero_medicament, mode_administration, effet_secondaire, est_narcotique, deconseille_aux_enfants) values (188, 'Vaporisateur', 'Diarrhée', 0, 0);
insert into Indication (numero_medicament, mode_administration, effet_secondaire, est_narcotique, deconseille_aux_enfants) values (93, 'Inhalateur', 'Hallucination', 0, 1);
insert into Indication (numero_medicament, mode_administration, effet_secondaire, est_narcotique, deconseille_aux_enfants) values (95, 'Inhalateur', 'Constipation', 1, 1);
insert into Indication (numero_medicament, mode_administration, effet_secondaire, est_narcotique, deconseille_aux_enfants) values (61, 'Vaporisateur', 'Constipation', 0, 0);
insert into Indication (numero_medicament, mode_administration, effet_secondaire, est_narcotique, deconseille_aux_enfants) values (57, 'Vaporisateur', 'Diarrhée', 0, 1);
insert into Indication (numero_medicament, mode_administration, effet_secondaire, est_narcotique, deconseille_aux_enfants) values (183, 'Inhalateur', 'Constipation', 0, 0);
insert into Indication (numero_medicament, mode_administration, effet_secondaire, est_narcotique, deconseille_aux_enfants) values (145, 'Crème', 'Hallucination', 1, 0);
insert into Indication (numero_medicament, mode_administration, effet_secondaire, est_narcotique, deconseille_aux_enfants) values (15, 'Inhalateur', 'Diarrhée', 0, 1);
insert into Indication (numero_medicament, mode_administration, effet_secondaire, est_narcotique, deconseille_aux_enfants) values (143, 'Capsule', 'Maux de tête', 0, 1);
insert into Indication (numero_medicament, mode_administration, effet_secondaire, est_narcotique, deconseille_aux_enfants) values (224, 'Inhalateur', 'Maux de tête', 1, 1);
insert into Indication (numero_medicament, mode_administration, effet_secondaire, est_narcotique, deconseille_aux_enfants) values (124, 'Inhalateur', 'Diarrhée', 0, 0);
insert into Indication (numero_medicament, mode_administration, effet_secondaire, est_narcotique, deconseille_aux_enfants) values (31, 'Crème', 'Diarrhée', 0, 0);
insert into Indication (numero_medicament, mode_administration, effet_secondaire, est_narcotique, deconseille_aux_enfants) values (112, 'Capsule', 'Constipation', 1, 0);
insert into Indication (numero_medicament, mode_administration, effet_secondaire, est_narcotique, deconseille_aux_enfants) values (96, 'Inhalateur', 'Diarrhée', 1, 0);
insert into Indication (numero_medicament, mode_administration, effet_secondaire, est_narcotique, deconseille_aux_enfants) values (187, 'Capsule', 'Maux de tête', 1, 0);
insert into Indication (numero_medicament, mode_administration, effet_secondaire, est_narcotique, deconseille_aux_enfants) values (92, 'Vaporisateur', 'Maux de tête', 1, 0);
insert into Indication (numero_medicament, mode_administration, effet_secondaire, est_narcotique, deconseille_aux_enfants) values (189, 'Crème', 'Maux de tête', 1, 0);
insert into Indication (numero_medicament, mode_administration, effet_secondaire, est_narcotique, deconseille_aux_enfants) values (218, 'Crème', 'Diarrhée', 1, 1);
insert into Indication (numero_medicament, mode_administration, effet_secondaire, est_narcotique, deconseille_aux_enfants) values (43, 'Crème', 'Diarrhée', 0, 0);
insert into Indication (numero_medicament, mode_administration, effet_secondaire, est_narcotique, deconseille_aux_enfants) values (200, 'Capsule', 'Hallucination', 0, 0);
insert into Indication (numero_medicament, mode_administration, effet_secondaire, est_narcotique, deconseille_aux_enfants) values (41, 'Crème', 'Diarrhée', 1, 0);
insert into Indication (numero_medicament, mode_administration, effet_secondaire, est_narcotique, deconseille_aux_enfants) values (229, 'Vaporisateur', 'Maux de tête', 1, 0);
insert into Indication (numero_medicament, mode_administration, effet_secondaire, est_narcotique, deconseille_aux_enfants) values (26, 'Vaporisateur', 'Diarrhée', 1, 1);
insert into Indication (numero_medicament, mode_administration, effet_secondaire, est_narcotique, deconseille_aux_enfants) values (180, 'Vaporisateur', 'Hallucination', 1, 0);
insert into Indication (numero_medicament, mode_administration, effet_secondaire, est_narcotique, deconseille_aux_enfants) values (95, 'Crème', 'Maux de tête', 0, 0);
insert into Indication (numero_medicament, mode_administration, effet_secondaire, est_narcotique, deconseille_aux_enfants) values (54, 'Inhalateur', 'Diarrhée', 1, 1);
insert into Indication (numero_medicament, mode_administration, effet_secondaire, est_narcotique, deconseille_aux_enfants) values (57, 'Capsule', 'Diarrhée', 0, 0);
insert into Indication (numero_medicament, mode_administration, effet_secondaire, est_narcotique, deconseille_aux_enfants) values (55, 'Vaporisateur', 'Hallucination', 0, 0);
insert into Indication (numero_medicament, mode_administration, effet_secondaire, est_narcotique, deconseille_aux_enfants) values (131, 'Crème', 'Maux de tête', 0, 1);
insert into Indication (numero_medicament, mode_administration, effet_secondaire, est_narcotique, deconseille_aux_enfants) values (84, 'Vaporisateur', 'Diarrhée', 1, 1);
insert into Indication (numero_medicament, mode_administration, effet_secondaire, est_narcotique, deconseille_aux_enfants) values (224, 'Crème', 'Diarrhée', 0, 0);
insert into Indication (numero_medicament, mode_administration, effet_secondaire, est_narcotique, deconseille_aux_enfants) values (172, 'Capsule', 'Maux de tête', 1, 0);
insert into Indication (numero_medicament, mode_administration, effet_secondaire, est_narcotique, deconseille_aux_enfants) values (179, 'Vaporisateur', 'Constipation', 0, 0);
insert into Indication (numero_medicament, mode_administration, effet_secondaire, est_narcotique, deconseille_aux_enfants) values (207, 'Crème', 'Diarrhée', 1, 0);
insert into Indication (numero_medicament, mode_administration, effet_secondaire, est_narcotique, deconseille_aux_enfants) values (121, 'Inhalateur', 'Constipation', 0, 0);
insert into Indication (numero_medicament, mode_administration, effet_secondaire, est_narcotique, deconseille_aux_enfants) values (83, 'Inhalateur', 'Diarrhée', 1, 1);
insert into Indication (numero_medicament, mode_administration, effet_secondaire, est_narcotique, deconseille_aux_enfants) values (169, 'Inhalateur', 'Maux de tête', 0, 1);
insert into Indication (numero_medicament, mode_administration, effet_secondaire, est_narcotique, deconseille_aux_enfants) values (8, 'Capsule', 'Hallucination', 0, 1);
insert into Indication (numero_medicament, mode_administration, effet_secondaire, est_narcotique, deconseille_aux_enfants) values (43, 'Inhalateur', 'Constipation', 1, 1);
insert into Indication (numero_medicament, mode_administration, effet_secondaire, est_narcotique, deconseille_aux_enfants) values (168, 'Inhalateur', 'Diarrhée', 1, 0);
insert into Indication (numero_medicament, mode_administration, effet_secondaire, est_narcotique, deconseille_aux_enfants) values (209, 'Vaporisateur', 'Diarrhée', 1, 1);
insert into Indication (numero_medicament, mode_administration, effet_secondaire, est_narcotique, deconseille_aux_enfants) values (9, 'Capsule', 'Maux de tête', 0, 1);
insert into Indication (numero_medicament, mode_administration, effet_secondaire, est_narcotique, deconseille_aux_enfants) values (141, 'Vaporisateur', 'Constipation', 1, 1);
insert into Indication (numero_medicament, mode_administration, effet_secondaire, est_narcotique, deconseille_aux_enfants) values (172, 'Vaporisateur', 'Maux de tête', 1, 1);
insert into Indication (numero_medicament, mode_administration, effet_secondaire, est_narcotique, deconseille_aux_enfants) values (90, 'Crème', 'Constipation', 0, 0);
insert into Indication (numero_medicament, mode_administration, effet_secondaire, est_narcotique, deconseille_aux_enfants) values (51, 'Capsule', 'Hallucination', 0, 1);
insert into Indication (numero_medicament, mode_administration, effet_secondaire, est_narcotique, deconseille_aux_enfants) values (238, 'Vaporisateur', 'Diarrhée', 0, 1);
insert into Indication (numero_medicament, mode_administration, effet_secondaire, est_narcotique, deconseille_aux_enfants) values (24, 'Inhalateur', 'Constipation', 1, 1);
insert into Indication (numero_medicament, mode_administration, effet_secondaire, est_narcotique, deconseille_aux_enfants) values (86, 'Vaporisateur', 'Hallucination', 1, 1);
insert into Indication (numero_medicament, mode_administration, effet_secondaire, est_narcotique, deconseille_aux_enfants) values (89, 'Crème', 'Hallucination', 0, 1);
insert into Indication (numero_medicament, mode_administration, effet_secondaire, est_narcotique, deconseille_aux_enfants) values (47, 'Crème', 'Maux de tête', 0, 0);
insert into Indication (numero_medicament, mode_administration, effet_secondaire, est_narcotique, deconseille_aux_enfants) values (208, 'Crème', 'Constipation', 1, 0);
insert into Indication (numero_medicament, mode_administration, effet_secondaire, est_narcotique, deconseille_aux_enfants) values (110, 'Capsule', 'Diarrhée', 1, 0);
insert into Indication (numero_medicament, mode_administration, effet_secondaire, est_narcotique, deconseille_aux_enfants) values (197, 'Crème', 'Maux de tête', 0, 1);
insert into Indication (numero_medicament, mode_administration, effet_secondaire, est_narcotique, deconseille_aux_enfants) values (45, 'Inhalateur', 'Maux de tête', 1, 1);
insert into Indication (numero_medicament, mode_administration, effet_secondaire, est_narcotique, deconseille_aux_enfants) values (132, 'Capsule', 'Constipation', 1, 1);
insert into Indication (numero_medicament, mode_administration, effet_secondaire, est_narcotique, deconseille_aux_enfants) values (150, 'Vaporisateur', 'Diarrhée', 1, 1);
insert into Indication (numero_medicament, mode_administration, effet_secondaire, est_narcotique, deconseille_aux_enfants) values (173, 'Inhalateur', 'Constipation', 0, 1);
insert into Indication (numero_medicament, mode_administration, effet_secondaire, est_narcotique, deconseille_aux_enfants) values (12, 'Vaporisateur', 'Diarrhée', 0, 1);
insert into Indication (numero_medicament, mode_administration, effet_secondaire, est_narcotique, deconseille_aux_enfants) values (218, 'Inhalateur', 'Diarrhée', 0, 1);
insert into Indication (numero_medicament, mode_administration, effet_secondaire, est_narcotique, deconseille_aux_enfants) values (143, 'Capsule', 'Maux de tête', 0, 0);
insert into Indication (numero_medicament, mode_administration, effet_secondaire, est_narcotique, deconseille_aux_enfants) values (213, 'Vaporisateur', 'Hallucination', 1, 0);
insert into Indication (numero_medicament, mode_administration, effet_secondaire, est_narcotique, deconseille_aux_enfants) values (125, 'Inhalateur', 'Maux de tête', 0, 0);
insert into Indication (numero_medicament, mode_administration, effet_secondaire, est_narcotique, deconseille_aux_enfants) values (85, 'Capsule', 'Diarrhée', 1, 1);
insert into Indication (numero_medicament, mode_administration, effet_secondaire, est_narcotique, deconseille_aux_enfants) values (64, 'Capsule', 'Maux de tête', 0, 0);
insert into Indication (numero_medicament, mode_administration, effet_secondaire, est_narcotique, deconseille_aux_enfants) values (236, 'Vaporisateur', 'Hallucination', 1, 1);
insert into Indication (numero_medicament, mode_administration, effet_secondaire, est_narcotique, deconseille_aux_enfants) values (190, 'Vaporisateur', 'Maux de tête', 0, 1);
insert into Indication (numero_medicament, mode_administration, effet_secondaire, est_narcotique, deconseille_aux_enfants) values (43, 'Vaporisateur', 'Hallucination', 1, 0);
insert into Indication (numero_medicament, mode_administration, effet_secondaire, est_narcotique, deconseille_aux_enfants) values (20, 'Crème', 'Constipation', 0, 0);
insert into Indication (numero_medicament, mode_administration, effet_secondaire, est_narcotique, deconseille_aux_enfants) values (145, 'Crème', 'Maux de tête', 1, 1);
insert into Indication (numero_medicament, mode_administration, effet_secondaire, est_narcotique, deconseille_aux_enfants) values (86, 'Inhalateur', 'Maux de tête', 0, 1);
insert into Indication (numero_medicament, mode_administration, effet_secondaire, est_narcotique, deconseille_aux_enfants) values (242, 'Capsule', 'Constipation', 0, 0);
insert into Indication (numero_medicament, mode_administration, effet_secondaire, est_narcotique, deconseille_aux_enfants) values (205, 'Crème', 'Diarrhée', 1, 0);
insert into Indication (numero_medicament, mode_administration, effet_secondaire, est_narcotique, deconseille_aux_enfants) values (220, 'Capsule', 'Hallucination', 1, 1);
insert into Indication (numero_medicament, mode_administration, effet_secondaire, est_narcotique, deconseille_aux_enfants) values (219, 'Vaporisateur', 'Constipation', 0, 1);
insert into Indication (numero_medicament, mode_administration, effet_secondaire, est_narcotique, deconseille_aux_enfants) values (86, 'Crème', 'Hallucination', 1, 0);
insert into Indication (numero_medicament, mode_administration, effet_secondaire, est_narcotique, deconseille_aux_enfants) values (232, 'Vaporisateur', 'Hallucination', 0, 1);
insert into Indication (numero_medicament, mode_administration, effet_secondaire, est_narcotique, deconseille_aux_enfants) values (34, 'Vaporisateur', 'Maux de tête', 1, 1);
insert into Indication (numero_medicament, mode_administration, effet_secondaire, est_narcotique, deconseille_aux_enfants) values (46, 'Crème', 'Constipation', 0, 1);
insert into Indication (numero_medicament, mode_administration, effet_secondaire, est_narcotique, deconseille_aux_enfants) values (104, 'Vaporisateur', 'Hallucination', 0, 0);
insert into Indication (numero_medicament, mode_administration, effet_secondaire, est_narcotique, deconseille_aux_enfants) values (242, 'Vaporisateur', 'Diarrhée', 0, 1);
insert into Indication (numero_medicament, mode_administration, effet_secondaire, est_narcotique, deconseille_aux_enfants) values (144, 'Capsule', 'Hallucination', 1, 1);
insert into Indication (numero_medicament, mode_administration, effet_secondaire, est_narcotique, deconseille_aux_enfants) values (87, 'Capsule', 'Diarrhée', 1, 0);
insert into Indication (numero_medicament, mode_administration, effet_secondaire, est_narcotique, deconseille_aux_enfants) values (172, 'Inhalateur', 'Maux de tête', 1, 0);
insert into Indication (numero_medicament, mode_administration, effet_secondaire, est_narcotique, deconseille_aux_enfants) values (118, 'Crème', 'Hallucination', 0, 0);
insert into Indication (numero_medicament, mode_administration, effet_secondaire, est_narcotique, deconseille_aux_enfants) values (81, 'Inhalateur', 'Hallucination', 0, 0);
insert into Indication (numero_medicament, mode_administration, effet_secondaire, est_narcotique, deconseille_aux_enfants) values (249, 'Vaporisateur', 'Constipation', 1, 0);
insert into Indication (numero_medicament, mode_administration, effet_secondaire, est_narcotique, deconseille_aux_enfants) values (90, 'Inhalateur', 'Maux de tête', 1, 1);
insert into Indication (numero_medicament, mode_administration, effet_secondaire, est_narcotique, deconseille_aux_enfants) values (25, 'Crème', 'Maux de tête', 1, 0);
insert into Indication (numero_medicament, mode_administration, effet_secondaire, est_narcotique, deconseille_aux_enfants) values (29, 'Inhalateur', 'Diarrhée', 0, 0);
insert into Indication (numero_medicament, mode_administration, effet_secondaire, est_narcotique, deconseille_aux_enfants) values (129, 'Vaporisateur', 'Diarrhée', 1, 0);
insert into Indication (numero_medicament, mode_administration, effet_secondaire, est_narcotique, deconseille_aux_enfants) values (221, 'Vaporisateur', 'Constipation', 1, 0);
insert into Indication (numero_medicament, mode_administration, effet_secondaire, est_narcotique, deconseille_aux_enfants) values (177, 'Inhalateur', 'Diarrhée', 1, 0);
insert into Indication (numero_medicament, mode_administration, effet_secondaire, est_narcotique, deconseille_aux_enfants) values (122, 'Vaporisateur', 'Diarrhée', 1, 0);
insert into Indication (numero_medicament, mode_administration, effet_secondaire, est_narcotique, deconseille_aux_enfants) values (24, 'Inhalateur', 'Hallucination', 1, 1);
insert into Indication (numero_medicament, mode_administration, effet_secondaire, est_narcotique, deconseille_aux_enfants) values (194, 'Capsule', 'Diarrhée', 1, 0);
insert into Indication (numero_medicament, mode_administration, effet_secondaire, est_narcotique, deconseille_aux_enfants) values (248, 'Vaporisateur', 'Maux de tête', 0, 0);
insert into Indication (numero_medicament, mode_administration, effet_secondaire, est_narcotique, deconseille_aux_enfants) values (190, 'Inhalateur', 'Constipation', 0, 0);
insert into Indication (numero_medicament, mode_administration, effet_secondaire, est_narcotique, deconseille_aux_enfants) values (211, 'Inhalateur', 'Diarrhée', 0, 1);
insert into Indication (numero_medicament, mode_administration, effet_secondaire, est_narcotique, deconseille_aux_enfants) values (156, 'Capsule', 'Maux de tête', 0, 1);
insert into Indication (numero_medicament, mode_administration, effet_secondaire, est_narcotique, deconseille_aux_enfants) values (32, 'Capsule', 'Diarrhée', 1, 1);
insert into Indication (numero_medicament, mode_administration, effet_secondaire, est_narcotique, deconseille_aux_enfants) values (126, 'Crème', 'Maux de tête', 1, 0);
insert into Indication (numero_medicament, mode_administration, effet_secondaire, est_narcotique, deconseille_aux_enfants) values (30, 'Crème', 'Hallucination', 1, 0);
insert into Indication (numero_medicament, mode_administration, effet_secondaire, est_narcotique, deconseille_aux_enfants) values (57, 'Capsule', 'Constipation', 1, 1);
insert into Indication (numero_medicament, mode_administration, effet_secondaire, est_narcotique, deconseille_aux_enfants) values (136, 'Crème', 'Maux de tête', 1, 0);
insert into Indication (numero_medicament, mode_administration, effet_secondaire, est_narcotique, deconseille_aux_enfants) values (43, 'Vaporisateur', 'Hallucination', 1, 0);
insert into Indication (numero_medicament, mode_administration, effet_secondaire, est_narcotique, deconseille_aux_enfants) values (73, 'Crème', 'Constipation', 0, 1);
insert into Indication (numero_medicament, mode_administration, effet_secondaire, est_narcotique, deconseille_aux_enfants) values (54, 'Crème', 'Maux de tête', 0, 1);
insert into Indication (numero_medicament, mode_administration, effet_secondaire, est_narcotique, deconseille_aux_enfants) values (116, 'Capsule', 'Maux de tête', 0, 0);
insert into Indication (numero_medicament, mode_administration, effet_secondaire, est_narcotique, deconseille_aux_enfants) values (180, 'Crème', 'Constipation', 1, 1);
insert into Indication (numero_medicament, mode_administration, effet_secondaire, est_narcotique, deconseille_aux_enfants) values (209, 'Vaporisateur', 'Constipation', 0, 1);
insert into Indication (numero_medicament, mode_administration, effet_secondaire, est_narcotique, deconseille_aux_enfants) values (27, 'Vaporisateur', 'Constipation', 0, 0);
insert into Indication (numero_medicament, mode_administration, effet_secondaire, est_narcotique, deconseille_aux_enfants) values (223, 'Vaporisateur', 'Maux de tête', 1, 1);
insert into Indication (numero_medicament, mode_administration, effet_secondaire, est_narcotique, deconseille_aux_enfants) values (36, 'Inhalateur', 'Diarrhée', 1, 1);
insert into Indication (numero_medicament, mode_administration, effet_secondaire, est_narcotique, deconseille_aux_enfants) values (222, 'Capsule', 'Hallucination', 0, 1);
insert into Indication (numero_medicament, mode_administration, effet_secondaire, est_narcotique, deconseille_aux_enfants) values (102, 'Crème', 'Diarrhée', 0, 1);
insert into Indication (numero_medicament, mode_administration, effet_secondaire, est_narcotique, deconseille_aux_enfants) values (190, 'Capsule', 'Maux de tête', 1, 0);
insert into Indication (numero_medicament, mode_administration, effet_secondaire, est_narcotique, deconseille_aux_enfants) values (219, 'Capsule', 'Diarrhée', 1, 1);
insert into Indication (numero_medicament, mode_administration, effet_secondaire, est_narcotique, deconseille_aux_enfants) values (246, 'Vaporisateur', 'Diarrhée', 1, 1);

insert into Distribution (numero_medicament, numero_fournisseur, disponibilite, prix, popularite) values (1, 37, 0, 39, 2);
insert into Distribution (numero_medicament, numero_fournisseur, disponibilite, prix, popularite) values (2, 23, 1, 80, 1);
insert into Distribution (numero_medicament, numero_fournisseur, disponibilite, prix, popularite) values (3, 79, 1, 433, 2);
insert into Distribution (numero_medicament, numero_fournisseur, disponibilite, prix, popularite) values (4, 26, 1, 291, 3);
insert into Distribution (numero_medicament, numero_fournisseur, disponibilite, prix, popularite) values (5, 53, 1, 1, 2);
insert into Distribution (numero_medicament, numero_fournisseur, disponibilite, prix, popularite) values (6, 59, 1, 152, 2);
insert into Distribution (numero_medicament, numero_fournisseur, disponibilite, prix, popularite) values (7, 24, 1, 246, 3);
insert into Distribution (numero_medicament, numero_fournisseur, disponibilite, prix, popularite) values (8, 56, 1, 138, 1);
insert into Distribution (numero_medicament, numero_fournisseur, disponibilite, prix, popularite) values (9, 72, 0, 470, 1);
insert into Distribution (numero_medicament, numero_fournisseur, disponibilite, prix, popularite) values (10, 10, 0, 457, 1);
insert into Distribution (numero_medicament, numero_fournisseur, disponibilite, prix, popularite) values (11, 12, 0, 427, 3);
insert into Distribution (numero_medicament, numero_fournisseur, disponibilite, prix, popularite) values (12, 35, 1, 9, 3);
insert into Distribution (numero_medicament, numero_fournisseur, disponibilite, prix, popularite) values (13, 15, 1, 380, 2);
insert into Distribution (numero_medicament, numero_fournisseur, disponibilite, prix, popularite) values (14, 58, 1, 418, 1);
insert into Distribution (numero_medicament, numero_fournisseur, disponibilite, prix, popularite) values (15, 22, 0, 438, 1);
insert into Distribution (numero_medicament, numero_fournisseur, disponibilite, prix, popularite) values (16, 32, 0, 137, 3);
insert into Distribution (numero_medicament, numero_fournisseur, disponibilite, prix, popularite) values (17, 28, 0, 166, 1);
insert into Distribution (numero_medicament, numero_fournisseur, disponibilite, prix, popularite) values (18, 55, 0, 88, 1);
insert into Distribution (numero_medicament, numero_fournisseur, disponibilite, prix, popularite) values (19, 35, 0, 473, 2);
insert into Distribution (numero_medicament, numero_fournisseur, disponibilite, prix, popularite) values (20, 51, 0, 106, 3);
insert into Distribution (numero_medicament, numero_fournisseur, disponibilite, prix, popularite) values (21, 33, 1, 453, 1);
insert into Distribution (numero_medicament, numero_fournisseur, disponibilite, prix, popularite) values (22, 34, 1, 16, 1);
insert into Distribution (numero_medicament, numero_fournisseur, disponibilite, prix, popularite) values (23, 63, 0, 413, 3);
insert into Distribution (numero_medicament, numero_fournisseur, disponibilite, prix, popularite) values (24, 10, 1, 28, 3);
insert into Distribution (numero_medicament, numero_fournisseur, disponibilite, prix, popularite) values (25, 53, 0, 195, 2);
insert into Distribution (numero_medicament, numero_fournisseur, disponibilite, prix, popularite) values (26, 49, 1, 97, 2);
insert into Distribution (numero_medicament, numero_fournisseur, disponibilite, prix, popularite) values (27, 66, 1, 208, 1);
insert into Distribution (numero_medicament, numero_fournisseur, disponibilite, prix, popularite) values (28, 47, 1, 461, 2);
insert into Distribution (numero_medicament, numero_fournisseur, disponibilite, prix, popularite) values (29, 41, 0, 381, 3);
insert into Distribution (numero_medicament, numero_fournisseur, disponibilite, prix, popularite) values (30, 23, 1, 458, 1);
insert into Distribution (numero_medicament, numero_fournisseur, disponibilite, prix, popularite) values (31, 55, 0, 107, 1);
insert into Distribution (numero_medicament, numero_fournisseur, disponibilite, prix, popularite) values (32, 79, 0, 77, 3);
insert into Distribution (numero_medicament, numero_fournisseur, disponibilite, prix, popularite) values (33, 14, 0, 381, 1);
insert into Distribution (numero_medicament, numero_fournisseur, disponibilite, prix, popularite) values (34, 18, 1, 451, 1);
insert into Distribution (numero_medicament, numero_fournisseur, disponibilite, prix, popularite) values (35, 6, 1, 180, 1);
insert into Distribution (numero_medicament, numero_fournisseur, disponibilite, prix, popularite) values (36, 1, 0, 75, 1);
insert into Distribution (numero_medicament, numero_fournisseur, disponibilite, prix, popularite) values (37, 74, 1, 163, 3);
insert into Distribution (numero_medicament, numero_fournisseur, disponibilite, prix, popularite) values (38, 78, 0, 337, 1);
insert into Distribution (numero_medicament, numero_fournisseur, disponibilite, prix, popularite) values (39, 12, 0, 191, 3);
insert into Distribution (numero_medicament, numero_fournisseur, disponibilite, prix, popularite) values (40, 64, 1, 460, 1);
insert into Distribution (numero_medicament, numero_fournisseur, disponibilite, prix, popularite) values (41, 11, 1, 388, 2);
insert into Distribution (numero_medicament, numero_fournisseur, disponibilite, prix, popularite) values (42, 18, 0, 325, 3);
insert into Distribution (numero_medicament, numero_fournisseur, disponibilite, prix, popularite) values (43, 48, 1, 129, 3);
insert into Distribution (numero_medicament, numero_fournisseur, disponibilite, prix, popularite) values (44, 2, 1, 186, 3);
insert into Distribution (numero_medicament, numero_fournisseur, disponibilite, prix, popularite) values (45, 25, 1, 245, 3);
insert into Distribution (numero_medicament, numero_fournisseur, disponibilite, prix, popularite) values (46, 59, 0, 416, 2);
insert into Distribution (numero_medicament, numero_fournisseur, disponibilite, prix, popularite) values (47, 19, 0, 330, 2);
insert into Distribution (numero_medicament, numero_fournisseur, disponibilite, prix, popularite) values (48, 66, 0, 39, 3);
insert into Distribution (numero_medicament, numero_fournisseur, disponibilite, prix, popularite) values (49, 74, 1, 38, 2);
insert into Distribution (numero_medicament, numero_fournisseur, disponibilite, prix, popularite) values (50, 74, 1, 264, 2);
insert into Distribution (numero_medicament, numero_fournisseur, disponibilite, prix, popularite) values (51, 31, 1, 396, 3);
insert into Distribution (numero_medicament, numero_fournisseur, disponibilite, prix, popularite) values (52, 75, 1, 39, 1);
insert into Distribution (numero_medicament, numero_fournisseur, disponibilite, prix, popularite) values (53, 73, 1, 114, 1);
insert into Distribution (numero_medicament, numero_fournisseur, disponibilite, prix, popularite) values (54, 66, 1, 403, 1);
insert into Distribution (numero_medicament, numero_fournisseur, disponibilite, prix, popularite) values (55, 23, 1, 451, 2);
insert into Distribution (numero_medicament, numero_fournisseur, disponibilite, prix, popularite) values (56, 3, 0, 270, 3);
insert into Distribution (numero_medicament, numero_fournisseur, disponibilite, prix, popularite) values (57, 3, 1, 221, 2);
insert into Distribution (numero_medicament, numero_fournisseur, disponibilite, prix, popularite) values (58, 1, 1, 472, 3);
insert into Distribution (numero_medicament, numero_fournisseur, disponibilite, prix, popularite) values (59, 19, 1, 405, 3);
insert into Distribution (numero_medicament, numero_fournisseur, disponibilite, prix, popularite) values (60, 71, 0, 87, 1);
insert into Distribution (numero_medicament, numero_fournisseur, disponibilite, prix, popularite) values (61, 20, 1, 386, 1);
insert into Distribution (numero_medicament, numero_fournisseur, disponibilite, prix, popularite) values (62, 66, 1, 347, 3);
insert into Distribution (numero_medicament, numero_fournisseur, disponibilite, prix, popularite) values (63, 79, 0, 261, 3);
insert into Distribution (numero_medicament, numero_fournisseur, disponibilite, prix, popularite) values (64, 10, 1, 219, 3);
insert into Distribution (numero_medicament, numero_fournisseur, disponibilite, prix, popularite) values (65, 80, 1, 120, 3);
insert into Distribution (numero_medicament, numero_fournisseur, disponibilite, prix, popularite) values (66, 23, 1, 28, 1);
insert into Distribution (numero_medicament, numero_fournisseur, disponibilite, prix, popularite) values (67, 43, 0, 440, 2);
insert into Distribution (numero_medicament, numero_fournisseur, disponibilite, prix, popularite) values (68, 14, 1, 103, 2);
insert into Distribution (numero_medicament, numero_fournisseur, disponibilite, prix, popularite) values (69, 56, 0, 9, 1);
insert into Distribution (numero_medicament, numero_fournisseur, disponibilite, prix, popularite) values (70, 37, 0, 259, 2);
insert into Distribution (numero_medicament, numero_fournisseur, disponibilite, prix, popularite) values (71, 50, 0, 279, 3);
insert into Distribution (numero_medicament, numero_fournisseur, disponibilite, prix, popularite) values (72, 48, 0, 174, 1);
insert into Distribution (numero_medicament, numero_fournisseur, disponibilite, prix, popularite) values (73, 70, 1, 42, 3);
insert into Distribution (numero_medicament, numero_fournisseur, disponibilite, prix, popularite) values (74, 41, 1, 375, 1);
insert into Distribution (numero_medicament, numero_fournisseur, disponibilite, prix, popularite) values (75, 49, 0, 200, 2);
insert into Distribution (numero_medicament, numero_fournisseur, disponibilite, prix, popularite) values (76, 46, 0, 112, 2);
insert into Distribution (numero_medicament, numero_fournisseur, disponibilite, prix, popularite) values (77, 9, 0, 291, 1);
insert into Distribution (numero_medicament, numero_fournisseur, disponibilite, prix, popularite) values (78, 3, 0, 165, 3);
insert into Distribution (numero_medicament, numero_fournisseur, disponibilite, prix, popularite) values (79, 23, 0, 428, 1);
insert into Distribution (numero_medicament, numero_fournisseur, disponibilite, prix, popularite) values (80, 28, 1, 384, 2);
insert into Distribution (numero_medicament, numero_fournisseur, disponibilite, prix, popularite) values (81, 17, 0, 398, 3);
insert into Distribution (numero_medicament, numero_fournisseur, disponibilite, prix, popularite) values (82, 70, 0, 170, 3);
insert into Distribution (numero_medicament, numero_fournisseur, disponibilite, prix, popularite) values (83, 24, 1, 312, 1);
insert into Distribution (numero_medicament, numero_fournisseur, disponibilite, prix, popularite) values (84, 15, 1, 403, 2);
insert into Distribution (numero_medicament, numero_fournisseur, disponibilite, prix, popularite) values (85, 37, 1, 319, 2);
insert into Distribution (numero_medicament, numero_fournisseur, disponibilite, prix, popularite) values (86, 35, 0, 457, 1);
insert into Distribution (numero_medicament, numero_fournisseur, disponibilite, prix, popularite) values (87, 24, 0, 188, 3);
insert into Distribution (numero_medicament, numero_fournisseur, disponibilite, prix, popularite) values (88, 13, 0, 231, 2);
insert into Distribution (numero_medicament, numero_fournisseur, disponibilite, prix, popularite) values (89, 63, 1, 409, 2);
insert into Distribution (numero_medicament, numero_fournisseur, disponibilite, prix, popularite) values (90, 68, 1, 438, 3);
insert into Distribution (numero_medicament, numero_fournisseur, disponibilite, prix, popularite) values (91, 55, 1, 167, 2);
insert into Distribution (numero_medicament, numero_fournisseur, disponibilite, prix, popularite) values (92, 18, 0, 432, 3);
insert into Distribution (numero_medicament, numero_fournisseur, disponibilite, prix, popularite) values (93, 6, 1, 366, 3);
insert into Distribution (numero_medicament, numero_fournisseur, disponibilite, prix, popularite) values (94, 29, 1, 193, 1);
insert into Distribution (numero_medicament, numero_fournisseur, disponibilite, prix, popularite) values (95, 65, 0, 322, 1);
insert into Distribution (numero_medicament, numero_fournisseur, disponibilite, prix, popularite) values (96, 29, 1, 201, 1);
insert into Distribution (numero_medicament, numero_fournisseur, disponibilite, prix, popularite) values (97, 5, 1, 153, 2);
insert into Distribution (numero_medicament, numero_fournisseur, disponibilite, prix, popularite) values (98, 31, 0, 163, 3);
insert into Distribution (numero_medicament, numero_fournisseur, disponibilite, prix, popularite) values (99, 60, 1, 151, 1);
insert into Distribution (numero_medicament, numero_fournisseur, disponibilite, prix, popularite) values (100, 51, 1, 306, 2);
insert into Distribution (numero_medicament, numero_fournisseur, disponibilite, prix, popularite) values (101, 13, 0, 499, 2);
insert into Distribution (numero_medicament, numero_fournisseur, disponibilite, prix, popularite) values (102, 17, 1, 276, 1);
insert into Distribution (numero_medicament, numero_fournisseur, disponibilite, prix, popularite) values (103, 27, 1, 341, 2);
insert into Distribution (numero_medicament, numero_fournisseur, disponibilite, prix, popularite) values (104, 64, 0, 269, 3);
insert into Distribution (numero_medicament, numero_fournisseur, disponibilite, prix, popularite) values (105, 73, 0, 221, 1);
insert into Distribution (numero_medicament, numero_fournisseur, disponibilite, prix, popularite) values (106, 71, 0, 39, 2);
insert into Distribution (numero_medicament, numero_fournisseur, disponibilite, prix, popularite) values (107, 54, 0, 428, 1);
insert into Distribution (numero_medicament, numero_fournisseur, disponibilite, prix, popularite) values (108, 32, 1, 20, 2);
insert into Distribution (numero_medicament, numero_fournisseur, disponibilite, prix, popularite) values (109, 59, 1, 357, 1);
insert into Distribution (numero_medicament, numero_fournisseur, disponibilite, prix, popularite) values (110, 63, 0, 174, 1);
insert into Distribution (numero_medicament, numero_fournisseur, disponibilite, prix, popularite) values (111, 40, 0, 307, 3);
insert into Distribution (numero_medicament, numero_fournisseur, disponibilite, prix, popularite) values (112, 17, 0, 470, 3);
insert into Distribution (numero_medicament, numero_fournisseur, disponibilite, prix, popularite) values (113, 79, 0, 466, 3);
insert into Distribution (numero_medicament, numero_fournisseur, disponibilite, prix, popularite) values (114, 57, 1, 7, 1);
insert into Distribution (numero_medicament, numero_fournisseur, disponibilite, prix, popularite) values (115, 23, 0, 84, 1);
insert into Distribution (numero_medicament, numero_fournisseur, disponibilite, prix, popularite) values (116, 71, 0, 231, 2);
insert into Distribution (numero_medicament, numero_fournisseur, disponibilite, prix, popularite) values (117, 2, 1, 224, 1);
insert into Distribution (numero_medicament, numero_fournisseur, disponibilite, prix, popularite) values (118, 67, 0, 106, 1);
insert into Distribution (numero_medicament, numero_fournisseur, disponibilite, prix, popularite) values (119, 19, 0, 133, 1);
insert into Distribution (numero_medicament, numero_fournisseur, disponibilite, prix, popularite) values (120, 64, 1, 4, 3);
insert into Distribution (numero_medicament, numero_fournisseur, disponibilite, prix, popularite) values (121, 21, 0, 462, 2);
insert into Distribution (numero_medicament, numero_fournisseur, disponibilite, prix, popularite) values (122, 75, 1, 158, 2);
insert into Distribution (numero_medicament, numero_fournisseur, disponibilite, prix, popularite) values (123, 13, 0, 489, 3);
insert into Distribution (numero_medicament, numero_fournisseur, disponibilite, prix, popularite) values (124, 22, 1, 349, 2);
insert into Distribution (numero_medicament, numero_fournisseur, disponibilite, prix, popularite) values (125, 40, 1, 441, 2);
insert into Distribution (numero_medicament, numero_fournisseur, disponibilite, prix, popularite) values (126, 15, 1, 4, 1);
insert into Distribution (numero_medicament, numero_fournisseur, disponibilite, prix, popularite) values (127, 6, 1, 355, 3);
insert into Distribution (numero_medicament, numero_fournisseur, disponibilite, prix, popularite) values (128, 60, 0, 474, 2);
insert into Distribution (numero_medicament, numero_fournisseur, disponibilite, prix, popularite) values (129, 78, 0, 141, 1);
insert into Distribution (numero_medicament, numero_fournisseur, disponibilite, prix, popularite) values (130, 16, 0, 355, 3);
insert into Distribution (numero_medicament, numero_fournisseur, disponibilite, prix, popularite) values (131, 46, 1, 68, 3);
insert into Distribution (numero_medicament, numero_fournisseur, disponibilite, prix, popularite) values (132, 71, 0, 292, 2);
insert into Distribution (numero_medicament, numero_fournisseur, disponibilite, prix, popularite) values (133, 42, 0, 483, 1);
insert into Distribution (numero_medicament, numero_fournisseur, disponibilite, prix, popularite) values (134, 38, 0, 8, 3);
insert into Distribution (numero_medicament, numero_fournisseur, disponibilite, prix, popularite) values (135, 30, 1, 312, 2);
insert into Distribution (numero_medicament, numero_fournisseur, disponibilite, prix, popularite) values (136, 75, 1, 2, 2);
insert into Distribution (numero_medicament, numero_fournisseur, disponibilite, prix, popularite) values (137, 63, 1, 251, 2);
insert into Distribution (numero_medicament, numero_fournisseur, disponibilite, prix, popularite) values (138, 33, 0, 358, 2);
insert into Distribution (numero_medicament, numero_fournisseur, disponibilite, prix, popularite) values (139, 21, 1, 268, 1);
insert into Distribution (numero_medicament, numero_fournisseur, disponibilite, prix, popularite) values (140, 65, 0, 136, 1);
insert into Distribution (numero_medicament, numero_fournisseur, disponibilite, prix, popularite) values (141, 18, 0, 103, 1);
insert into Distribution (numero_medicament, numero_fournisseur, disponibilite, prix, popularite) values (142, 68, 0, 118, 3);
insert into Distribution (numero_medicament, numero_fournisseur, disponibilite, prix, popularite) values (143, 27, 1, 189, 1);
insert into Distribution (numero_medicament, numero_fournisseur, disponibilite, prix, popularite) values (144, 8, 0, 242, 3);
insert into Distribution (numero_medicament, numero_fournisseur, disponibilite, prix, popularite) values (145, 69, 0, 319, 3);
insert into Distribution (numero_medicament, numero_fournisseur, disponibilite, prix, popularite) values (146, 12, 1, 318, 1);
insert into Distribution (numero_medicament, numero_fournisseur, disponibilite, prix, popularite) values (147, 69, 0, 2, 3);
insert into Distribution (numero_medicament, numero_fournisseur, disponibilite, prix, popularite) values (148, 65, 1, 170, 2);
insert into Distribution (numero_medicament, numero_fournisseur, disponibilite, prix, popularite) values (149, 29, 0, 344, 3);
insert into Distribution (numero_medicament, numero_fournisseur, disponibilite, prix, popularite) values (150, 10, 1, 212, 2);
insert into Distribution (numero_medicament, numero_fournisseur, disponibilite, prix, popularite) values (151, 37, 1, 291, 3);
insert into Distribution (numero_medicament, numero_fournisseur, disponibilite, prix, popularite) values (152, 24, 0, 486, 3);
insert into Distribution (numero_medicament, numero_fournisseur, disponibilite, prix, popularite) values (153, 31, 1, 16, 3);
insert into Distribution (numero_medicament, numero_fournisseur, disponibilite, prix, popularite) values (154, 10, 1, 60, 3);
insert into Distribution (numero_medicament, numero_fournisseur, disponibilite, prix, popularite) values (155, 19, 1, 459, 3);
insert into Distribution (numero_medicament, numero_fournisseur, disponibilite, prix, popularite) values (156, 3, 0, 337, 3);
insert into Distribution (numero_medicament, numero_fournisseur, disponibilite, prix, popularite) values (157, 51, 0, 25, 1);
insert into Distribution (numero_medicament, numero_fournisseur, disponibilite, prix, popularite) values (158, 1, 0, 425, 3);
insert into Distribution (numero_medicament, numero_fournisseur, disponibilite, prix, popularite) values (159, 62, 1, 457, 1);
insert into Distribution (numero_medicament, numero_fournisseur, disponibilite, prix, popularite) values (160, 35, 0, 365, 2);
insert into Distribution (numero_medicament, numero_fournisseur, disponibilite, prix, popularite) values (161, 33, 1, 421, 3);
insert into Distribution (numero_medicament, numero_fournisseur, disponibilite, prix, popularite) values (162, 7, 1, 237, 2);
insert into Distribution (numero_medicament, numero_fournisseur, disponibilite, prix, popularite) values (163, 60, 1, 147, 3);
insert into Distribution (numero_medicament, numero_fournisseur, disponibilite, prix, popularite) values (164, 2, 0, 102, 3);
insert into Distribution (numero_medicament, numero_fournisseur, disponibilite, prix, popularite) values (165, 6, 0, 211, 3);
insert into Distribution (numero_medicament, numero_fournisseur, disponibilite, prix, popularite) values (166, 62, 0, 204, 1);
insert into Distribution (numero_medicament, numero_fournisseur, disponibilite, prix, popularite) values (167, 48, 1, 494, 3);
insert into Distribution (numero_medicament, numero_fournisseur, disponibilite, prix, popularite) values (168, 43, 1, 199, 3);
insert into Distribution (numero_medicament, numero_fournisseur, disponibilite, prix, popularite) values (169, 2, 0, 352, 3);
insert into Distribution (numero_medicament, numero_fournisseur, disponibilite, prix, popularite) values (170, 76, 1, 406, 3);
insert into Distribution (numero_medicament, numero_fournisseur, disponibilite, prix, popularite) values (171, 10, 0, 53, 2);
insert into Distribution (numero_medicament, numero_fournisseur, disponibilite, prix, popularite) values (172, 56, 1, 105, 2);
insert into Distribution (numero_medicament, numero_fournisseur, disponibilite, prix, popularite) values (173, 62, 0, 277, 3);
insert into Distribution (numero_medicament, numero_fournisseur, disponibilite, prix, popularite) values (174, 12, 1, 11, 3);
insert into Distribution (numero_medicament, numero_fournisseur, disponibilite, prix, popularite) values (175, 17, 1, 241, 2);
insert into Distribution (numero_medicament, numero_fournisseur, disponibilite, prix, popularite) values (176, 52, 1, 429, 3);
insert into Distribution (numero_medicament, numero_fournisseur, disponibilite, prix, popularite) values (177, 78, 0, 313, 1);
insert into Distribution (numero_medicament, numero_fournisseur, disponibilite, prix, popularite) values (178, 22, 1, 497, 2);
insert into Distribution (numero_medicament, numero_fournisseur, disponibilite, prix, popularite) values (179, 3, 0, 378, 2);
insert into Distribution (numero_medicament, numero_fournisseur, disponibilite, prix, popularite) values (180, 46, 1, 56, 3);
insert into Distribution (numero_medicament, numero_fournisseur, disponibilite, prix, popularite) values (181, 9, 1, 37, 1);
insert into Distribution (numero_medicament, numero_fournisseur, disponibilite, prix, popularite) values (182, 22, 1, 21, 3);
insert into Distribution (numero_medicament, numero_fournisseur, disponibilite, prix, popularite) values (183, 64, 1, 240, 1);
insert into Distribution (numero_medicament, numero_fournisseur, disponibilite, prix, popularite) values (184, 56, 0, 48, 2);
insert into Distribution (numero_medicament, numero_fournisseur, disponibilite, prix, popularite) values (185, 61, 1, 311, 3);
insert into Distribution (numero_medicament, numero_fournisseur, disponibilite, prix, popularite) values (186, 57, 0, 195, 3);
insert into Distribution (numero_medicament, numero_fournisseur, disponibilite, prix, popularite) values (187, 40, 0, 126, 2);
insert into Distribution (numero_medicament, numero_fournisseur, disponibilite, prix, popularite) values (188, 22, 0, 258, 3);
insert into Distribution (numero_medicament, numero_fournisseur, disponibilite, prix, popularite) values (189, 63, 0, 344, 2);
insert into Distribution (numero_medicament, numero_fournisseur, disponibilite, prix, popularite) values (190, 62, 1, 166, 2);
insert into Distribution (numero_medicament, numero_fournisseur, disponibilite, prix, popularite) values (191, 63, 1, 238, 1);
insert into Distribution (numero_medicament, numero_fournisseur, disponibilite, prix, popularite) values (192, 1, 0, 20, 1);
insert into Distribution (numero_medicament, numero_fournisseur, disponibilite, prix, popularite) values (193, 42, 0, 342, 1);
insert into Distribution (numero_medicament, numero_fournisseur, disponibilite, prix, popularite) values (194, 39, 0, 97, 2);
insert into Distribution (numero_medicament, numero_fournisseur, disponibilite, prix, popularite) values (195, 54, 1, 470, 2);
insert into Distribution (numero_medicament, numero_fournisseur, disponibilite, prix, popularite) values (196, 66, 0, 359, 2);
insert into Distribution (numero_medicament, numero_fournisseur, disponibilite, prix, popularite) values (197, 7, 1, 443, 1);
insert into Distribution (numero_medicament, numero_fournisseur, disponibilite, prix, popularite) values (198, 46, 1, 365, 3);
insert into Distribution (numero_medicament, numero_fournisseur, disponibilite, prix, popularite) values (199, 31, 0, 363, 2);
insert into Distribution (numero_medicament, numero_fournisseur, disponibilite, prix, popularite) values (200, 11, 1, 182, 2);
insert into Distribution (numero_medicament, numero_fournisseur, disponibilite, prix, popularite) values (201, 63, 1, 424, 3);
insert into Distribution (numero_medicament, numero_fournisseur, disponibilite, prix, popularite) values (202, 11, 1, 222, 2);
insert into Distribution (numero_medicament, numero_fournisseur, disponibilite, prix, popularite) values (203, 56, 1, 136, 3);
insert into Distribution (numero_medicament, numero_fournisseur, disponibilite, prix, popularite) values (204, 77, 1, 41, 2);
insert into Distribution (numero_medicament, numero_fournisseur, disponibilite, prix, popularite) values (205, 79, 0, 364, 1);
insert into Distribution (numero_medicament, numero_fournisseur, disponibilite, prix, popularite) values (206, 56, 0, 321, 2);
insert into Distribution (numero_medicament, numero_fournisseur, disponibilite, prix, popularite) values (207, 40, 1, 215, 1);
insert into Distribution (numero_medicament, numero_fournisseur, disponibilite, prix, popularite) values (208, 39, 1, 261, 3);
insert into Distribution (numero_medicament, numero_fournisseur, disponibilite, prix, popularite) values (209, 65, 1, 127, 1);
insert into Distribution (numero_medicament, numero_fournisseur, disponibilite, prix, popularite) values (210, 71, 0, 69, 3);
insert into Distribution (numero_medicament, numero_fournisseur, disponibilite, prix, popularite) values (211, 3, 1, 163, 3);
insert into Distribution (numero_medicament, numero_fournisseur, disponibilite, prix, popularite) values (212, 21, 0, 165, 1);
insert into Distribution (numero_medicament, numero_fournisseur, disponibilite, prix, popularite) values (213, 40, 0, 74, 3);
insert into Distribution (numero_medicament, numero_fournisseur, disponibilite, prix, popularite) values (214, 71, 0, 426, 1);
insert into Distribution (numero_medicament, numero_fournisseur, disponibilite, prix, popularite) values (215, 41, 1, 213, 1);
insert into Distribution (numero_medicament, numero_fournisseur, disponibilite, prix, popularite) values (216, 50, 0, 288, 2);
insert into Distribution (numero_medicament, numero_fournisseur, disponibilite, prix, popularite) values (217, 11, 1, 181, 3);
insert into Distribution (numero_medicament, numero_fournisseur, disponibilite, prix, popularite) values (218, 75, 0, 304, 2);
insert into Distribution (numero_medicament, numero_fournisseur, disponibilite, prix, popularite) values (219, 62, 0, 183, 2);
insert into Distribution (numero_medicament, numero_fournisseur, disponibilite, prix, popularite) values (220, 27, 0, 80, 1);
insert into Distribution (numero_medicament, numero_fournisseur, disponibilite, prix, popularite) values (221, 73, 1, 356, 3);
insert into Distribution (numero_medicament, numero_fournisseur, disponibilite, prix, popularite) values (222, 20, 1, 187, 2);
insert into Distribution (numero_medicament, numero_fournisseur, disponibilite, prix, popularite) values (223, 39, 1, 68, 1);
insert into Distribution (numero_medicament, numero_fournisseur, disponibilite, prix, popularite) values (224, 63, 1, 19, 3);
insert into Distribution (numero_medicament, numero_fournisseur, disponibilite, prix, popularite) values (225, 30, 0, 20, 2);
insert into Distribution (numero_medicament, numero_fournisseur, disponibilite, prix, popularite) values (226, 29, 0, 6, 1);
insert into Distribution (numero_medicament, numero_fournisseur, disponibilite, prix, popularite) values (227, 21, 1, 92, 3);
insert into Distribution (numero_medicament, numero_fournisseur, disponibilite, prix, popularite) values (228, 58, 1, 362, 2);
insert into Distribution (numero_medicament, numero_fournisseur, disponibilite, prix, popularite) values (229, 79, 1, 334, 2);
insert into Distribution (numero_medicament, numero_fournisseur, disponibilite, prix, popularite) values (230, 76, 0, 263, 3);
insert into Distribution (numero_medicament, numero_fournisseur, disponibilite, prix, popularite) values (231, 12, 0, 448, 1);
insert into Distribution (numero_medicament, numero_fournisseur, disponibilite, prix, popularite) values (232, 1, 1, 226, 1);
insert into Distribution (numero_medicament, numero_fournisseur, disponibilite, prix, popularite) values (233, 2, 1, 433, 3);
insert into Distribution (numero_medicament, numero_fournisseur, disponibilite, prix, popularite) values (234, 63, 0, 63, 1);
insert into Distribution (numero_medicament, numero_fournisseur, disponibilite, prix, popularite) values (235, 23, 1, 231, 3);
insert into Distribution (numero_medicament, numero_fournisseur, disponibilite, prix, popularite) values (236, 45, 0, 336, 1);
insert into Distribution (numero_medicament, numero_fournisseur, disponibilite, prix, popularite) values (237, 78, 1, 98, 1);
insert into Distribution (numero_medicament, numero_fournisseur, disponibilite, prix, popularite) values (238, 48, 0, 248, 1);
insert into Distribution (numero_medicament, numero_fournisseur, disponibilite, prix, popularite) values (239, 76, 1, 74, 3);
insert into Distribution (numero_medicament, numero_fournisseur, disponibilite, prix, popularite) values (240, 67, 0, 163, 2);
insert into Distribution (numero_medicament, numero_fournisseur, disponibilite, prix, popularite) values (241, 28, 0, 212, 3);
insert into Distribution (numero_medicament, numero_fournisseur, disponibilite, prix, popularite) values (242, 52, 1, 30, 1);
insert into Distribution (numero_medicament, numero_fournisseur, disponibilite, prix, popularite) values (243, 41, 1, 204, 3);
insert into Distribution (numero_medicament, numero_fournisseur, disponibilite, prix, popularite) values (244, 8, 1, 116, 3);
insert into Distribution (numero_medicament, numero_fournisseur, disponibilite, prix, popularite) values (245, 79, 1, 326, 3);
insert into Distribution (numero_medicament, numero_fournisseur, disponibilite, prix, popularite) values (246, 20, 0, 91, 2);
insert into Distribution (numero_medicament, numero_fournisseur, disponibilite, prix, popularite) values (247, 12, 1, 390, 3);
insert into Distribution (numero_medicament, numero_fournisseur, disponibilite, prix, popularite) values (248, 80, 0, 176, 2);
insert into Distribution (numero_medicament, numero_fournisseur, disponibilite, prix, popularite) values (249, 23, 0, 351, 3);
insert into Distribution (numero_medicament, numero_fournisseur, disponibilite, prix, popularite) values (250, 30, 0, 262, 3);

insert into Consommation (numero_client, numero_medicament) values (109, 4);
insert into Consommation (numero_client, numero_medicament) values (124, 5);
insert into Consommation (numero_client, numero_medicament) values (8, 6);
insert into Consommation (numero_client, numero_medicament) values (5, 7);
insert into Consommation (numero_client, numero_medicament) values (7, 8);
insert into Consommation (numero_client, numero_medicament) values (142, 9);
insert into Consommation (numero_client, numero_medicament) values (68, 10);
insert into Consommation (numero_client, numero_medicament) values (54, 11);
insert into Consommation (numero_client, numero_medicament) values (25, 12);
insert into Consommation (numero_client, numero_medicament) values (83, 13);
insert into Consommation (numero_client, numero_medicament) values (65, 14);
insert into Consommation (numero_client, numero_medicament) values (140, 15);
insert into Consommation (numero_client, numero_medicament) values (102, 16);
insert into Consommation (numero_client, numero_medicament) values (117, 17);
insert into Consommation (numero_client, numero_medicament) values (62, 18);
insert into Consommation (numero_client, numero_medicament) values (124, 19);
insert into Consommation (numero_client, numero_medicament) values (46, 20);
insert into Consommation (numero_client, numero_medicament) values (101, 21);
insert into Consommation (numero_client, numero_medicament) values (25, 22);
insert into Consommation (numero_client, numero_medicament) values (3, 23);
insert into Consommation (numero_client, numero_medicament) values (50, 24);
insert into Consommation (numero_client, numero_medicament) values (26, 25);
insert into Consommation (numero_client, numero_medicament) values (62, 26);
insert into Consommation (numero_client, numero_medicament) values (55, 27);
insert into Consommation (numero_client, numero_medicament) values (60, 28);
insert into Consommation (numero_client, numero_medicament) values (147, 29);
insert into Consommation (numero_client, numero_medicament) values (80, 30);
insert into Consommation (numero_client, numero_medicament) values (11, 31);
insert into Consommation (numero_client, numero_medicament) values (114, 32);
insert into Consommation (numero_client, numero_medicament) values (113, 33);
insert into Consommation (numero_client, numero_medicament) values (92, 34);
insert into Consommation (numero_client, numero_medicament) values (101, 35);
insert into Consommation (numero_client, numero_medicament) values (67, 36);
insert into Consommation (numero_client, numero_medicament) values (85, 37);
insert into Consommation (numero_client, numero_medicament) values (81, 38);
insert into Consommation (numero_client, numero_medicament) values (81, 39);
insert into Consommation (numero_client, numero_medicament) values (13, 40);
insert into Consommation (numero_client, numero_medicament) values (148, 41);
insert into Consommation (numero_client, numero_medicament) values (34, 42);
insert into Consommation (numero_client, numero_medicament) values (103, 43);
insert into Consommation (numero_client, numero_medicament) values (137, 44);
insert into Consommation (numero_client, numero_medicament) values (42, 45);
insert into Consommation (numero_client, numero_medicament) values (122, 46);
insert into Consommation (numero_client, numero_medicament) values (28, 47);
insert into Consommation (numero_client, numero_medicament) values (45, 48);
insert into Consommation (numero_client, numero_medicament) values (52, 49);
insert into Consommation (numero_client, numero_medicament) values (118, 50);
insert into Consommation (numero_client, numero_medicament) values (70, 51);
insert into Consommation (numero_client, numero_medicament) values (17, 52);
insert into Consommation (numero_client, numero_medicament) values (52, 53);
insert into Consommation (numero_client, numero_medicament) values (46, 54);
insert into Consommation (numero_client, numero_medicament) values (30, 55);
insert into Consommation (numero_client, numero_medicament) values (16, 56);
insert into Consommation (numero_client, numero_medicament) values (44, 57);
insert into Consommation (numero_client, numero_medicament) values (41, 58);
insert into Consommation (numero_client, numero_medicament) values (78, 59);
insert into Consommation (numero_client, numero_medicament) values (102, 60);
insert into Consommation (numero_client, numero_medicament) values (44, 61);
insert into Consommation (numero_client, numero_medicament) values (143, 62);
insert into Consommation (numero_client, numero_medicament) values (92, 63);
insert into Consommation (numero_client, numero_medicament) values (19, 64);
insert into Consommation (numero_client, numero_medicament) values (61, 65);
insert into Consommation (numero_client, numero_medicament) values (34, 66);
insert into Consommation (numero_client, numero_medicament) values (56, 67);
insert into Consommation (numero_client, numero_medicament) values (103, 68);
insert into Consommation (numero_client, numero_medicament) values (67, 69);
insert into Consommation (numero_client, numero_medicament) values (105, 70);
insert into Consommation (numero_client, numero_medicament) values (145, 71);
insert into Consommation (numero_client, numero_medicament) values (35, 72);
insert into Consommation (numero_client, numero_medicament) values (102, 73);
insert into Consommation (numero_client, numero_medicament) values (126, 74);
insert into Consommation (numero_client, numero_medicament) values (108, 75);
insert into Consommation (numero_client, numero_medicament) values (102, 76);
insert into Consommation (numero_client, numero_medicament) values (42, 77);
insert into Consommation (numero_client, numero_medicament) values (12, 78);
insert into Consommation (numero_client, numero_medicament) values (139, 79);
insert into Consommation (numero_client, numero_medicament) values (46, 80);
insert into Consommation (numero_client, numero_medicament) values (119, 81);
insert into Consommation (numero_client, numero_medicament) values (75, 82);
insert into Consommation (numero_client, numero_medicament) values (5, 83);
insert into Consommation (numero_client, numero_medicament) values (51, 84);
insert into Consommation (numero_client, numero_medicament) values (33, 85);
insert into Consommation (numero_client, numero_medicament) values (142, 86);
insert into Consommation (numero_client, numero_medicament) values (65, 87);
insert into Consommation (numero_client, numero_medicament) values (25, 88);
insert into Consommation (numero_client, numero_medicament) values (91, 89);
insert into Consommation (numero_client, numero_medicament) values (27, 90);
insert into Consommation (numero_client, numero_medicament) values (22, 91);
insert into Consommation (numero_client, numero_medicament) values (6, 92);
insert into Consommation (numero_client, numero_medicament) values (120, 93);
insert into Consommation (numero_client, numero_medicament) values (118, 94);
insert into Consommation (numero_client, numero_medicament) values (37, 95);
insert into Consommation (numero_client, numero_medicament) values (12, 96);
insert into Consommation (numero_client, numero_medicament) values (33, 97);
insert into Consommation (numero_client, numero_medicament) values (59, 98);
insert into Consommation (numero_client, numero_medicament) values (117, 99);
insert into Consommation (numero_client, numero_medicament) values (131, 100);
insert into Consommation (numero_client, numero_medicament) values (118, 101);
insert into Consommation (numero_client, numero_medicament) values (38, 102);
insert into Consommation (numero_client, numero_medicament) values (6, 103);
insert into Consommation (numero_client, numero_medicament) values (29, 104);
insert into Consommation (numero_client, numero_medicament) values (103, 105);
insert into Consommation (numero_client, numero_medicament) values (72, 106);
insert into Consommation (numero_client, numero_medicament) values (72, 107);
insert into Consommation (numero_client, numero_medicament) values (106, 108);
insert into Consommation (numero_client, numero_medicament) values (12, 109);
insert into Consommation (numero_client, numero_medicament) values (90, 110);
insert into Consommation (numero_client, numero_medicament) values (100, 111);
insert into Consommation (numero_client, numero_medicament) values (40, 112);
insert into Consommation (numero_client, numero_medicament) values (82, 113);
insert into Consommation (numero_client, numero_medicament) values (60, 114);
insert into Consommation (numero_client, numero_medicament) values (12, 115);
insert into Consommation (numero_client, numero_medicament) values (64, 116);
insert into Consommation (numero_client, numero_medicament) values (46, 117);
insert into Consommation (numero_client, numero_medicament) values (50, 118);
insert into Consommation (numero_client, numero_medicament) values (96, 119);
insert into Consommation (numero_client, numero_medicament) values (66, 120);
insert into Consommation (numero_client, numero_medicament) values (39, 121);
insert into Consommation (numero_client, numero_medicament) values (10, 122);
insert into Consommation (numero_client, numero_medicament) values (112, 123);
insert into Consommation (numero_client, numero_medicament) values (16, 124);
insert into Consommation (numero_client, numero_medicament) values (76, 125);
insert into Consommation (numero_client, numero_medicament) values (122, 126);
insert into Consommation (numero_client, numero_medicament) values (144, 127);
insert into Consommation (numero_client, numero_medicament) values (111, 128);
insert into Consommation (numero_client, numero_medicament) values (150, 129);
insert into Consommation (numero_client, numero_medicament) values (24, 130);
insert into Consommation (numero_client, numero_medicament) values (70, 131);
insert into Consommation (numero_client, numero_medicament) values (32, 132);
insert into Consommation (numero_client, numero_medicament) values (97, 133);
insert into Consommation (numero_client, numero_medicament) values (134, 134);
insert into Consommation (numero_client, numero_medicament) values (68, 135);
insert into Consommation (numero_client, numero_medicament) values (86, 136);
insert into Consommation (numero_client, numero_medicament) values (31, 137);
insert into Consommation (numero_client, numero_medicament) values (13, 138);
insert into Consommation (numero_client, numero_medicament) values (40, 139);
insert into Consommation (numero_client, numero_medicament) values (34, 140);
insert into Consommation (numero_client, numero_medicament) values (28, 141);
insert into Consommation (numero_client, numero_medicament) values (17, 142);
insert into Consommation (numero_client, numero_medicament) values (48, 143);
insert into Consommation (numero_client, numero_medicament) values (21, 144);
insert into Consommation (numero_client, numero_medicament) values (92, 145);
insert into Consommation (numero_client, numero_medicament) values (2, 146);
insert into Consommation (numero_client, numero_medicament) values (70, 147);
insert into Consommation (numero_client, numero_medicament) values (8, 148);
insert into Consommation (numero_client, numero_medicament) values (103, 149);
insert into Consommation (numero_client, numero_medicament) values (48, 150);
insert into Consommation (numero_client, numero_medicament) values (44, 151);
insert into Consommation (numero_client, numero_medicament) values (42, 152);
insert into Consommation (numero_client, numero_medicament) values (150, 153);
insert into Consommation (numero_client, numero_medicament) values (29, 154);
insert into Consommation (numero_client, numero_medicament) values (118, 155);
insert into Consommation (numero_client, numero_medicament) values (27, 156);
insert into Consommation (numero_client, numero_medicament) values (80, 157);
insert into Consommation (numero_client, numero_medicament) values (107, 158);
insert into Consommation (numero_client, numero_medicament) values (95, 159);
insert into Consommation (numero_client, numero_medicament) values (25, 160);
insert into Consommation (numero_client, numero_medicament) values (24, 161);
insert into Consommation (numero_client, numero_medicament) values (6, 162);
insert into Consommation (numero_client, numero_medicament) values (138, 163);
insert into Consommation (numero_client, numero_medicament) values (131, 164);
insert into Consommation (numero_client, numero_medicament) values (36, 165);
insert into Consommation (numero_client, numero_medicament) values (108, 166);
insert into Consommation (numero_client, numero_medicament) values (25, 167);
insert into Consommation (numero_client, numero_medicament) values (84, 168);
insert into Consommation (numero_client, numero_medicament) values (18, 169);
insert into Consommation (numero_client, numero_medicament) values (16, 170);
insert into Consommation (numero_client, numero_medicament) values (76, 171);
insert into Consommation (numero_client, numero_medicament) values (150, 172);
insert into Consommation (numero_client, numero_medicament) values (65, 173);
insert into Consommation (numero_client, numero_medicament) values (72, 174);
insert into Consommation (numero_client, numero_medicament) values (7, 175);
insert into Consommation (numero_client, numero_medicament) values (94, 176);
insert into Consommation (numero_client, numero_medicament) values (51, 177);
insert into Consommation (numero_client, numero_medicament) values (7, 178);
insert into Consommation (numero_client, numero_medicament) values (75, 179);
insert into Consommation (numero_client, numero_medicament) values (47, 180);
insert into Consommation (numero_client, numero_medicament) values (94, 181);
insert into Consommation (numero_client, numero_medicament) values (38, 182);
insert into Consommation (numero_client, numero_medicament) values (78, 183);
insert into Consommation (numero_client, numero_medicament) values (90, 184);
insert into Consommation (numero_client, numero_medicament) values (91, 185);
insert into Consommation (numero_client, numero_medicament) values (75, 186);
insert into Consommation (numero_client, numero_medicament) values (16, 187);
insert into Consommation (numero_client, numero_medicament) values (92, 188);
insert into Consommation (numero_client, numero_medicament) values (85, 189);
insert into Consommation (numero_client, numero_medicament) values (100, 190);
insert into Consommation (numero_client, numero_medicament) values (126, 191);
insert into Consommation (numero_client, numero_medicament) values (116, 192);
insert into Consommation (numero_client, numero_medicament) values (15, 193);
insert into Consommation (numero_client, numero_medicament) values (18, 194);
insert into Consommation (numero_client, numero_medicament) values (64, 195);
insert into Consommation (numero_client, numero_medicament) values (114, 196);
insert into Consommation (numero_client, numero_medicament) values (51, 197);
insert into Consommation (numero_client, numero_medicament) values (4, 198);
insert into Consommation (numero_client, numero_medicament) values (21, 199);
insert into Consommation (numero_client, numero_medicament) values (37, 200);
insert into Consommation (numero_client, numero_medicament) values (55, 201);
insert into Consommation (numero_client, numero_medicament) values (53, 202);
insert into Consommation (numero_client, numero_medicament) values (67, 203);